{"responsivizer_menu_top":["top_menu","topmenu"],"responsivizer_menu_side":["top_menu","topmenu","menu","mainmenu"],"responsivizer_language_switcher":["language_switcher","language","test"],"responsivizer_logo":["logo","banner"],"responsivizer_search":["position-0"],"responsivizer_slideshow":["slideshow","carousel"],"responsivizer_mainmenu":["menu","mainmenu"],"responsivizer_breadcrumb":["breadcrumb","pathway"],"responsivizer_top":["top","position-9"],"responsivizer_left":["left","position-7"],"responsivizer_user1":["user1","tey"],"responsivizer_user2":["user2"],"responsivizer_user3":["user3"],"responsivizer_right":["right"],"responsivizer_user4":["user4"],"responsivizer_user5":["user5"],"responsivizer_user6":["user6"],"responsivizer_bottom":["bottom"],"responsivizer_menu_bottom":["bottom_menu"],"responsivizer_copyright":["copyright"],"responsivizer_debug":["debug"]}