<?xml version="1.0" encoding="utf-8"?>
<extension
	type="module"
	version="3.0"
	client="site"
	method="upgrade">
	<name>Maximenu CK</name>
	<author>Cédric KEIFLIN</author>
	<creationDate>janvier 2011</creationDate>
	<copyright>Cédric KEIFLIN</copyright>
	<license>GNU/GPL 3 http://www.gnu.org/licenses/gpl.html</license>
	<authorEmail>ced1870@gmail.com</authorEmail>
	<authorUrl>http://www.joomlack.fr</authorUrl>
	<version>8.0.14</version>
	<description>MOD_MAXIMENUCK_XML_DESCRIPTION</description>
	<files>
		<filename module="mod_maximenuck">mod_maximenuck.php</filename>
		<folder>tmpl</folder>
		<folder>assets</folder>
		<folder>elements</folder>
		<folder>themes</folder>
		<folder>templatelayers</folder>
		<folder>language</folder>
		<filename>helper.php</filename>
		<filename>index.html</filename>
		<filename>logo.png</filename>
		<filename>mod_maximenuck.xml</filename>
	</files>
	<languages>
		<language tag="en-GB">language/en-GB/en-GB.mod_maximenuck.ini</language>
		<language tag="en-GB">language/en-GB/en-GB.mod_maximenuck.sys.ini</language>
		<language tag="fr-FR">language/fr-FR/fr-FR.mod_maximenuck.ini</language>
		<language tag="fr-FR">language/fr-FR/fr-FR.mod_maximenuck.sys.ini</language>
	</languages>
	<updateservers>
		<server type="extension" priority="1" name="Maximenu CK Update">http://update.joomlack.fr/mod_maximenuck_update.xml</server>
	</updateservers>
	<config>
		<fields name="params">
			<fieldset name="basic" addfieldpath="/modules/mod_maximenuck/elements" >
				<field
					name="maximenuchecking"
					type="ckmaximenuchecking"
					label=""
					description=""
					/>
				<field
					name="maximenuwizard"
					type="ckmaximenuwizard"
					label="MOD_MAXIMENUCK_MAXIMENU_WIZARD_LABEL"
					description="MOD_MAXIMENUCK_MAXIMENU_WIZARD__DESC"
					icon="magic.png" />
				<field
					name="menutype"
					type="ckmenu"
					label="MOD_MAXIMENUCK_FIELD_MENUTYPE_LABEL"
					description="MOD_MAXIMENUCK_FIELD_MENUTYPE_DESC"
					icon="text_list_numbers.png" />

				<field
					name="menuid"
					type="cktext"
					default=""
					label="MOD_MAXIMENUCK_ID_LABEL"
					description="MOD_MAXIMENUCK_ID_DESC"
					icon="textfield_key.png"
					filter="string"
				/>
				<field
					name="base"
					type="ckmenuitem"
					label="MOD_MAXIMENUCK_FIELD_ACTIVE_LABEL"
					description="MOD_MAXIMENUCK_FIELD_ACTIVE_DESC"
					icon="house.png"
					>
					<option value="">JCURRENT</option>
				</field>

				<field
					name="startLevel"
					type="cklist"
					default="1"
					label="MOD_MAXIMENUCK_FIELD_STARTLEVEL_LABEL"
					description="MOD_MAXIMENUCK_FIELD_STARTLEVEL_DESC"
					icon="chart_organisation_add.png"
				>
					<option value="1">J1</option>
					<option value="2">J2</option>
					<option value="3">J3</option>
					<option value="4">J4</option>
					<option value="5">J5</option>
					<option value="6">J6</option>
					<option value="7">J7</option>
					<option value="8">J8</option>
					<option value="9">J9</option>
					<option value="10">J10</option>
				</field>

				<field
					name="endLevel"
					type="cklist"
					default="0"
					label="MOD_MAXIMENUCK_FIELD_ENDLEVEL_LABEL"
					description="MOD_MAXIMENUCK_FIELD_ENDLEVEL_DESC"
					icon="chart_organisation_delete.png"
				>
					<option value="0">JALL</option>
					<option value="1">J1</option>
					<option value="2">J2</option>
					<option value="3">J3</option>
					<option value="4">J4</option>
					<option value="5">J5</option>
					<option value="6">J6</option>
					<option value="7">J7</option>
					<option value="8">J8</option>
					<option value="9">J9</option>
					<option value="10">J10</option>
				</field>
				<field
					name="dependantitems"
					type="ckradio"
					class="btn-group"
					default="1"
					label="MOD_MAXIMENUCK_DEPENDANT_LABEL"
					description="MOD_MAXIMENUCK_DEPENDANT_DESC"
					icon="chart_organisation.png" >
					<option value="0">JNO</option>
					<option value="1">JYES</option>
				</field>
			</fieldset>

			<fieldset
				name="advanced">
				<field
					name="zindexlevel"
					type="cktext"
					default="10"
					label="MOD_MAXIMENUCK_ZINDEXLEVEL_LABEL"
					description="MOD_MAXIMENUCK_ZINDEXLEVEL_DESC"
					icon="shape_move_front.png" />

				<field
					name="layout"
					type="ckmodulelayout"
					label="JFIELD_ALT_LAYOUT_LABEL"
					description="JFIELD_ALT_MODULE_LAYOUT_DESC"
					icon="layout.png" />

				<field
					name="moduleclass_sfx"
					type="cktext"
					label="COM_MODULES_FIELD_MODULECLASS_SFX_LABEL"
					description="COM_MODULES_FIELD_MODULECLASS_SFX_DESC"
					icon="text_signature.png" />

				<field
					name="cache"
					type="cklist"
					default="1"
					label="COM_MODULES_FIELD_CACHING_LABEL"
					description="COM_MODULES_FIELD_CACHING_DESC" >
					<option	value="1">JGLOBAL_USE_GLOBAL</option>
					<option	value="0">COM_MODULES_FIELD_VALUE_NOCACHING</option>
				</field>

				<field
					name="cache_time"
					type="cktext"
					default="900"
					label="COM_MODULES_FIELD_CACHE_TIME_LABEL"
					description="COM_MODULES_FIELD_CACHE_TIME_DESC"
					icon="hourglass.png"
					suffix="min" />

				<field
					name="cachemode"
					type="hidden"
					default="static" >
					<option	value="static"></option>
				</field>

				<field
					name="ckspaceradvanced1"
					type="ckspacer"
					label="MOD_MAXIMENUCK_SPACER_IMAGES"
					style="title" />

				<field
					name="imagerollprefix"
					type="cktext"
					default="_hover"
					label="MOD_MAXIMENUCK_ROLLOVERPREFIX_LABEL"
					description="MOD_MAXIMENUCK_ROLLOVERPREFIX_DESC"
					icon="text_signature.png" />

				<field
					name="imageactiveprefix"
					type="cktext"
					default="_active"
					label="MOD_MAXIMENUCK_ACTIVEPREFIX_LABEL"
					description="MOD_MAXIMENUCK_ACTIVEPREFIX_DESC"
					icon="text_signature.png" />

				<field
					name="imageonly"
					type="ckradio"
					default="0"
					label="MOD_MAXIMENUCK_IMAGEONLY_LABEL"
					description="MOD_MAXIMENUCK_IMAGEONLY_DESC"
					icon="image.png"
					class="btn-group"
				>
					<option value="0">JNO</option>
					<option value="1">JYES</option>
				</field>

				<field
					name="menu_images_align"
					type="cklist"
					default="top"
					label="MOD_MAXIMENUCK_IMAGEALIGN_LABEL"
					description="MOD_MAXIMENUCK_IMAGEALIGN_DESC"
					icon="text_padding_left.png"
				>
					<option value="default">MOD_MAXIMENUCK_DEFAULT</option>
					<option value="top">MOD_MAXIMENUCK_TOP</option>
					<option value="bottom">MOD_MAXIMENUCK_BOTTOM</option>
					<option value="lefttop">MOD_MAXIMENUCK_LEFTTOP</option>
					<option value="leftmiddle">MOD_MAXIMENUCK_LEFTMIDDLE</option>
					<option value="leftbottom">MOD_MAXIMENUCK_LEFTBOTTOM</option>
					<option value="righttop">MOD_MAXIMENUCK_RIGHTTOP</option>
					<option value="rightmiddle">MOD_MAXIMENUCK_RIGHTMIDDLE</option>
					<option value="rightbottom">MOD_MAXIMENUCK_RIGHTBOTTOM</option>
				</field>
			</fieldset>

			<fieldset name="effects" label="MOD_MAXIMENUCK_OPTIONS_EFFECTS">
				<field
					name="usejavascript"
					type="ckradio"
					default="1"
					label="MOD_MAXIMENUCK_USEJAVASCRIPT_LABEL"
					description="MOD_MAXIMENUCK_USEJAVASCRIPT_DESC"
					class="btn-group ">
					<option value="0">JNO</option>
					<option value="1">JYES</option>
				</field>
				<field
					name="load"
					type="cklist"
					default="domready"
					label="MOD_MAXIMENUCK_LOADTYPE_LABEL"
					description="MOD_MAXIMENUCK_LOADTYPE_DESC">
					<option value="domready">domready</option>
					<option value="load">load</option>
				</field>
				<field
					name="mootoolsckspacer1"
					type="ckspacer"
					label="MOD_MAXIMENUCK_SPACER_EFFECTOPEN"
					style="title"/>
				<field
					name="stopdropdownlevel"
					type="cklist"
					label="MOD_MAXIMENUCK_STOPDROPDOWNLEVEL_LABEL"
					description="MOD_MAXIMENUCK_STOPDROPDOWNLEVEL_DESC"
					default="0"
					icon="text_list_numbers.png" >
					<option value="0">JNO</option>
					<option value="2">MOD_MAXIMENUCK_LEVEL2</option>
					<option value="3">MOD_MAXIMENUCK_LEVEL3</option>
					<option value="4">MOD_MAXIMENUCK_LEVEL4</option>
					<option value="5">MOD_MAXIMENUCK_LEVEL5</option>
				</field>
				<field
					name="menuposition"
					type="cklist"
					default="0"
					label="MOD_MAXIMENUCK_MENUPOSITION_LABEL"
					description="MOD_MAXIMENUCK_MENUPOSITION_DESC">
					<option value="0">MOD_MAXIMENUCK_STANDARD</option>
					<option value="topfixed">MOD_MAXIMENUCK_TOPFIXED</option>
					<option value="bottomfixed">MOD_MAXIMENUCK_BOTTOMFIXED</option>
				</field>
				<field
					name="behavior"
					type="cklist"
					default="mouseover"
					label="MOD_MAXIMENUCK_STYLE_LABEL"
					description="MOD_MAXIMENUCK_STYLE_DESC"
					icon="mouse.png"
				>
					<option value="mouseover">MOD_MAXIMENUCK_MOOMENU</option>
					<option value="click">MOD_MAXIMENUCK_CLICK</option>
					<option value="clickclose">MOD_MAXIMENUCK_CLOSECLICK</option>
				</field>

				<field
					name="opentype"
					type="cklist"
					default="open"
					label="MOD_MAXIMENUCK_OPENTYPE_LABEL"
					description="MOD_MAXIMENUCK_OPENTYPE_DESC"
					icon="door_open.png"
				>
					<option value="noeffect">MOD_MAXIMENUCK_NOEFFECT</option>
					<option value="open">MOD_MAXIMENUCK_OPEN</option>
					<option value="slide">MOD_MAXIMENUCK_SLIDE</option>
					<option value="show">MOD_MAXIMENUCK_SHOW</option>
					<option value="fade">MOD_MAXIMENUCK_FADE</option>
					<option value="scale">MOD_MAXIMENUCK_SCALE</option>
					<option value="puff">MOD_MAXIMENUCK_PUFF</option>
					<option value="drop">MOD_MAXIMENUCK_DROP</option>
				</field>

				<field
					name="fxduration"
					type="cktext"
					default="500"
					label="MOD_MAXIMENUCK_MOODUREE_LABEL"
					description="MOD_MAXIMENUCK_MOODUREE_DESC"
					icon="hourglass.png"
					suffix="ms" />

				<field
					name="fxtransition"
					type="cklist"
					default="linear"
					label="MOD_MAXIMENUCK_TRANSITION_LABEL"
					description="MOD_MAXIMENUCK_TRANSITION_DESC"
					icon="chart_curve.png">
					<option value="linear">Linear</option>
					<option value="jswing">jswing</option>
					<option value="easeInQuad">easeInQuad</option>
					<option value="easeOutQuad">easeOutQuad</option>
					<option value="easeInOutQuad">easeInOutQuad</option>
					<option value="easeInCubic">easeInCubic</option>
					<option value="easeOutCubic">easeOutCubic</option>
					<option value="easeInOutCubic">easeInOutCubic</option>
					<option value="easeInQuart">easeInQuart</option>
					<option value="easeOutQuart">easeOutQuart</option>
					<option value="easeInOutQuart">easeInOutQuart</option>
					<option value="easeInSine">easeInSine</option>
					<option value="easeOutSine">easeOutSine</option>
					<option value="easeInOutSine">easeInOutSine</option>
					<option value="easeInExpo">easeInExpo</option>
					<option value="easeOutExpo">easeOutExpo</option>
					<option value="easeInOutExpo">easeInOutExpo</option>
					<option value="easeInQuint">easeInQuint</option>
					<option value="easeOutQuint">easeOutQuint</option>
					<option value="easeInOutQuint">easeInOutQuint</option>
					<option value="easeInCirc">easeInCirc</option>
					<option value="easeOutCirc">easeOutCirc</option>
					<option value="easeInOutCirc">easeInOutCirc</option>
					<option value="easeInElastic">easeInElastic</option>
					<option value="easeOutElastic">easeOutElastic</option>
					<option value="easeInOutElastic">easeInOutElastic</option>
					<option value="easeInBack">easeInBack</option>
					<option value="easeOutBack">easeOutBack</option>
					<option value="easeInOutBack">easeInOutBack</option>
					<option value="easeInBounce">easeInBounce</option>
					<option value="easeOutBounce">easeOutBounce</option>
					<option value="easeInOutBounce">easeInOutBounce</option>
				</field>

				<field
					name="dureein"
					type="cktext"
					default="0"
					label="MOD_MAXIMENUCK_DUREEIN_LABEL"
					description="MOD_MAXIMENUCK_DUREEIN_DESC"
					icon="hourglass.png"
					suffix="ms" />
				<field
					name="dureeout"
					type="cktext"
					default="500"
					label="MOD_MAXIMENUCK_DUREEOUT_LABEL"
					description="MOD_MAXIMENUCK_DUREEOUT_DESC"
					icon="hourglass.png"
					suffix="ms" />

				<field
					name="testoverflow"
					type="ckradio"
					default="0"
					label="MOD_MAXIMENUCK_TESTOVERFLOW_LABEL"
					description="MOD_MAXIMENUCK_TESTOVERFLOW_DESC"
					icon="shape_handles.png"
					class="btn-group"
				>
					<option value="0">JNO</option>
					<option value="1">JYES</option>
				</field>

				<field
					name="direction"
					type="ckradio"
					default="normal"
					label="MOD_MAXIMENUCK_DIRECTION_LABEL"
					description="MOD_MAXIMENUCK_DIRECTION_DESC"
					icon="arrow_direction.png"
					class="btn-group"
				>
					<option value="normal">MOD_MAXIMENUCK_NORMAL</option>
					<option value="inverse">MOD_MAXIMENUCK_INVERSE</option>
				</field>

				<field
					name="directionoffset1"
					type="cktext"
					default="30"
					label="MOD_MAXIMENUCK_DIRECTIONOFFSET1_LABEL"
					description="MOD_MAXIMENUCK_DIRECTIONOFFSET1_DESC"
					icon="shape_align_right.png"
					suffix="px" />

				<field
					name="directionoffset2"
					type="cktext"
					default="30"
					label="MOD_MAXIMENUCK_DIRECTIONOFFSET2_LABEL"
					description="MOD_MAXIMENUCK_DIRECTIONOFFSET2_DESC"
					icon="shape_align_right.png"
					suffix="px" />
				<field
					name="showactivesubitems"
					type="ckradio"
					default="0"
					label="MOD_MAXIMENUCK_SHOWACTIVESUBITEMS_LABEL"
					description="MOD_MAXIMENUCK_SHOWACTIVESUBITEMS_DESC"
					class="btn-group"
				>
					<option value="0">JNO</option>
					<option value="1">JYES</option>
				</field>

				<field
					name="mootoolsckspacer2"
					type="ckspacer"
					label="MOD_MAXIMENUCK_SPACER_MOOTOOLSFANCY"
					style="title" />

				<field
					name="usefancy"
					type="ckradio"
					default="1"
					label="MOD_MAXIMENUCK_USEFANCY_LABEL"
					description="MOD_MAXIMENUCK_USEFANCY_DESC"
					class="btn-group"
				>
					<option value="0">JNO</option>
					<option value="1">JYES</option>
				</field>

				<field
					name="fancyduration"
					type="cktext"
					default="500"
					label="MOD_MAXIMENUCK_FANCYDUREE_LABEL"
					description="MOD_MAXIMENUCK_FANCYDUREE_DESC"
					icon="hourglass.png"
					suffix="ms"/>

				<field
					name="fancytransition"
					type="cklist"
					default="linear"
					label="MOD_MAXIMENUCK_FANCYTRANSITION_LABEL"
					description="MOD_MAXIMENUCK_FANCYTRANSITION_DESC"
					icon="chart_curve.png">
					<option value="linear">Linear</option>
					<option value="jswing">jswing</option>
					<option value="easeInQuad">easeInQuad</option>
					<option value="easeOutQuad">easeOutQuad</option>
					<option value="easeInOutQuad">easeInOutQuad</option>
					<option value="easeInCubic">easeInCubic</option>
					<option value="easeOutCubic">easeOutCubic</option>
					<option value="easeInOutCubic">easeInOutCubic</option>
					<option value="easeInQuart">easeInQuart</option>
					<option value="easeOutQuart">easeOutQuart</option>
					<option value="easeInOutQuart">easeInOutQuart</option>
					<option value="easeInSine">easeInSine</option>
					<option value="easeOutSine">easeOutSine</option>
					<option value="easeInOutSine">easeInOutSine</option>
					<option value="easeInExpo">easeInExpo</option>
					<option value="easeOutExpo">easeOutExpo</option>
					<option value="easeInOutExpo">easeInOutExpo</option>
					<option value="easeInQuint">easeInQuint</option>
					<option value="easeOutQuint">easeOutQuint</option>
					<option value="easeInOutQuint">easeInOutQuint</option>
					<option value="easeInCirc">easeInCirc</option>
					<option value="easeOutCirc">easeOutCirc</option>
					<option value="easeInOutCirc">easeInOutCirc</option>
					<option value="easeInElastic">easeInElastic</option>
					<option value="easeOutElastic">easeOutElastic</option>
					<option value="easeInOutElastic">easeInOutElastic</option>
					<option value="easeInBack">easeInBack</option>
					<option value="easeOutBack">easeOutBack</option>
					<option value="easeInOutBack">easeInOutBack</option>
					<option value="easeInBounce">easeInBounce</option>
					<option value="easeOutBounce">easeOutBounce</option>
					<option value="easeInOutBounce">easeInOutBounce</option>
				</field>

			</fieldset>

			<fieldset name="styles" label="MOD_MAXIMENUCK_OPTIONS_STYLES">
				<field
					name="theme"
					type="ckthemeslist"
					directory="modules/mod_maximenuck/themes"
					hide_default="true"
					default="css3megamenu"
					label="MOD_MAXIMENUCK_THEME_LABEL"
					description="MOD_MAXIMENUCK_THEME_DESC"
					icon="palette.png" />
				<field
					name="orientation"
					type="ckradio"
					default="horizontal"
					label="MOD_MAXIMENUCK_ORIENTATION_LABEL"
					description="MOD_MAXIMENUCK_ORIENTATION_DESC"
					icon="shape_rotate_clockwise.png"
					class="btn-group"
				>
					<option value="horizontal">Horizontal</option>
					<option value="vertical">Vertical</option>
				</field>
				<field
					name="useresponsive"
					type="ckradio"
					default="1"
					label="MOD_MAXIMENUCK_RESPONSIVE_LABEL"
					description="MOD_MAXIMENUCK_RESPONSIVE_DESC"
					class="btn-group"
					icon="ipod.png" >
					<option value="0">JNO</option>
					<option value="1">JYES</option>
				</field>

				<field
					name="templatelayer"
					type="ckfilelist"
					directory="modules/mod_maximenuck/templatelayers"
					hide_default="true"
					icon="css.png"
					filter="\.css"
					stripext="false"
					label="MOD_MAXIMENUCK_TEMPLATELAYER_LABEL"
					description="MOD_MAXIMENUCK_TEMPLATELAYER_DESC"
					default="beez3-position1"
				/>

			</fieldset>

			<fieldset name="maximenu_menuparams" label="MOD_MAXIMENUCK_MENUPARAMS_FIELDSET_LABEL">
				<field
					name="styleswizard"
					type="ckstyleswizard"
					label="MOD_MAXIMENUCK_FIELD_STYLESWIZARD_LABEL"
					description="MOD_MAXIMENUCK_FIELD_STYLESWIZARD_DESC"
				/>
				<field
					name="menustyles"
					identifier="menustyles"
					type="hidden"
					label="MOD_MAXIMENUCK_FIELD_MENUSTYLES_LABEL"
					description="MOD_MAXIMENUCK_FIELD_MENUSTYLES_DESC"
					icon=""
					filter="raw" 
					default="[]" />
				<field
					name="level1itemnormalstyles"
					identifier="level1itemnormalstyles"
					type="hidden"
					label="MOD_MAXIMENUCK_FIELD_LEVEL1ITEMNORMALSTYLES_LABEL"
					description="MOD_MAXIMENUCK_FIELD_LEVEL1ITEMNORMALSTYLES_DESC"
					icon=""
					filter="raw" 
					default="[]" />
				<field
					name="level1itemhoverstyles"
					identifier="level1itemhoverstyles"
					type="hidden"
					label="MOD_MAXIMENUCK_FIELD_LEVEL1ITEMHOVERSTYLES_LABEL"
					description="MOD_MAXIMENUCK_FIELD_LEVEL1ITEMHOVERSTYLES_DESC"
					icon=""
					filter="raw" 
					default="[]" />
				<field
					name="level1itemactivestyles"
					identifier="level1itemactivestyles"
					type="hidden"
					label="MOD_MAXIMENUCK_FIELD_LEVEL1ITEMACTIVESTYLES_LABEL"
					description="MOD_MAXIMENUCK_FIELD_LEVEL1ITEMACTIVESTYLES_DESC"
					icon=""
					filter="raw" 
					default="[]" />
				<field
					name="level2menustyles"
					identifier="level2menustyles"
					type="hidden"
					label="MOD_MAXIMENUCK_FIELD_LEVEL2MENUSTYLES_LABEL"
					description="MOD_MAXIMENUCK_FIELD_LEVEL2MENUSTYLES_DESC"
					icon=""
					filter="raw" 
					default="[]" />
				<field
					name="level2itemnormalstyles"
					identifier="level2itemnormalstyles"
					type="hidden"
					label="MOD_MAXIMENUCK_FIELD_LEVEL2ITEMNORMALSTYLES_LABEL"
					description="MOD_MAXIMENUCK_FIELD_LEVEL2ITEMNORMALSTYLES_DESC"
					icon=""
					filter="raw" 
					default="[]" />
				<field
					name="level2itemhoverstyles"
					identifier="level2itemhoverstyles"
					type="hidden"
					label="MOD_MAXIMENUCK_FIELD_LEVEL2ITEMHOVERSTYLES_LABEL"
					description="MOD_MAXIMENUCK_FIELD_LEVEL2ITEMHOVERSTYLES_DESC"
					icon=""
					filter="raw" 
					default="[]" />
				<field
					name="level2itemactivestyles"
					identifier="level2itemactivestyles"
					type="hidden"
					label="MOD_MAXIMENUCK_FIELD_LEVEL2ITEMACTIVESTYLES_LABEL"
					description="MOD_MAXIMENUCK_FIELD_LEVEL2ITEMACTIVESTYLES_DESC"
					icon=""
					filter="raw" 
					default="[]" />
				<field
					name="headingstyles"
					identifier="headingstyles"
					type="hidden"
					label="MOD_MAXIMENUCK_FIELD_HEADINGSTYLES_LABEL"
					description="MOD_MAXIMENUCK_FIELD_HEADINGSTYLES_DESC"
					icon=""
					filter="raw"
					default="[]" />
			</fieldset>
			<fieldset name="logooptions" label="MOD_MAXIMENUCK_OPTIONS_LOGO">
				<field
					name="logoimage"
					type="ckmedia"
					icon="image.png"
					label="MOD_MAXIMENUCK_LOGOIMAGE_LABEL"
					description="MOD_MAXIMENUCK_LOGOIMAGE_DESC" />
				<field
					name="logolink"
					type="cktext"
					icon="link_go.png"
					label="MOD_MAXIMENUCK_LOGOLINK_LABEL"
					description="MOD_MAXIMENUCK_LOGOLINK_DESC" />
				<field
					name="logoalt"
					type="cktext"
					icon="font.png"
					label="MOD_MAXIMENUCK_LOGOALT_LABEL"
					description="MOD_MAXIMENUCK_LOGOALT_DESC" />
				<field
					name="logoposition"
					type="cklist"
					default="left"
					label="MOD_MAXIMENUCK_LOGOPOSITION_LABEL"
					description="MOD_MAXIMENUCK_LOGOPOSITION_DESC"
					icon="arrow_direction.png"
				>
					<option value="left">MOD_MAXIMENUCK_LEFT</option>
					<option value="right">MOD_MAXIMENUCK_RIGHT</option>
				</field>
				<field
					name="logowidth"
					type="cktext"
					label="MOD_MAXIMENUCK_LOGOWIDTH_LABEL"
					description="MOD_MAXIMENUCK_LOGOWITH_DESC"
					icon="width.png"
					suffix="px"
				/>
				<field
					name="logoheight"
					type="cktext"
					label="MOD_MAXIMENUCK_LOGOHEIGHT_LABEL"
					description="MOD_MAXIMENUCK_LOGOHEIGHT_DESC"
					icon="height.png"
					suffix="px"
				/>
				<field
					name="logomargintop"
					type="cktext"
					default="0"
					label="MOD_MAXIMENUCK_MARGINTOP_LABEL"
					description="MOD_MAXIMENUCK_MARGINTOP_DESC"
					icon="margin_top.png"
					suffix="px"
				/>
				<field
					name="logomarginright"
					type="cktext"
					default="0"
					label="MOD_MAXIMENUCK_MARGINRIGHT_LABEL"
					description="MOD_MAXIMENUCK_MARGINRIGHT_DESC"
					icon="margin_right.png"
					suffix="px"
				/>
				<field
					name="logomarginbottom"
					type="cktext"
					default="0"
					label="MOD_MAXIMENUCK_MARGINBOTTOM_LABEL"
					description="MOD_MAXIMENUCK_MARGINBOTTOM_DESC"
					icon="margin_bottom.png"
					suffix="px"
				/>
				<field
					name="logomarginleft"
					type="cktext"
					default="0"
					label="MOD_MAXIMENUCK_MARGINLEFT_LABEL"
					description="MOD_MAXIMENUCK_MARGINLEFT_DESC"
					icon="margin_left.png"
					suffix="px"
				/>
			</fieldset>
			<fieldset name="maximenu_mobileparams" label="MOD_MAXIMENUCK_MOBILEPARAMS_FIELDSET_LABEL">
				<field
					name="menuparamsinfo"
					label="MOD_MAXIMENUCK_CHECKPLUGINMOBILE"
					type="cktestmaximenupluginmobile"
					style="link"
					icon="information.png"
				/>
			</fieldset>
			<fieldset name="thirdparty" label="MOD_MAXIMENUCK_OPTIONS_THIRDPARTY">
				<field
					name="thirdparty"
					type="cklist"
					default="none"
					label="MOD_MAXIMENUCK_THIRDPARTY_LABEL"
					description="MOD_MAXIMENUCK_THIRDPARTY_DESC">
					<option value="none">MOD_MAXIMENUCK_NONE</option>
					<option value="hikashop">MOD_MAXIMENUCK_HIKASHOP</option>
					<option value="k2">MOD_MAXIMENUCK_K2</option>
					<option value="joomshopping">MOD_MAXIMENUCK_JOOMSHOPPING</option>
					<option value="adsmanager">MOD_MAXIMENUCK_ADSMANAGER</option>
					<option value="virtuemart">MOD_MAXIMENUCK_VIRTUEMART</option>
				</field>
				<field
					name="thirdpartyckspaceradsmanager2"
					type="ckspacer"
					label="MOD_MAXIMENUCK_SPACER_ADSMANAGER_PATCH"
					style="link"
					icon="information.png"
					testpatch="adsmanager" 
					testprocess="plugin"
					/>
				<field
					name="thirdpartyckspacervirtuemart2"
					type="ckspacer"
					label="MOD_MAXIMENUCK_SPACER_VM_PATCH"
					style="link"
					icon="information.png"
					testpatch="virtuemart" 
					testprocess="plugin"
					/>
				<field
					name="thirdpartyckspacerhikashop1"
					type="ckspacer"
					label="MOD_MAXIMENUCK_SPACER_HIKASHOP"
					style="title" />
				<field
					name="thirdpartyckspacerhikashop2"
					type="ckspacer"
					label="MOD_MAXIMENUCK_SPACER_HIKASHOP_PATCH"
					style="link"
					icon="information.png"
					testpatch="hikashop" />
				<field
					name="hikashopitemid"
					type="cksql"
					default="0"
					label="MOD_MAXIMENUCK_HIKASHOPITEMID_LABEL"
					description="MOD_MAXIMENUCK_HIKASHOPITEMID_LABEL"
					query="SELECT id AS value, title AS hikashopitemid FROM #__menu WHERE link='index.php?option=com_hikashop&amp;view=category&amp;layout=listing' AND published=1 ORDER BY title ASC"
					icon="application_form_magnify.png" />
				<field
					name="usehikashopimages"
					type="ckradio"
					class="btn-group"
					default="0"
					label="MOD_MAXIMENUCK_USEHIKASHOPIMAGES_LABEL"
					description="MOD_MAXIMENUCK_USEHIKASHOPIMAGES_DESC"
					icon="images.png">
					<option value="0">JNO</option>
					<option value="1">JYES</option>
				</field>

				<field
					name="usehikashopsuffix"
					type="ckradio"
					class="btn-group"
					default="0"
					label="MOD_MAXIMENUCK_USEHIKASHOPSUFFIX_LABEL"
					description="MOD_MAXIMENUCK_USEHIKASHOPSUFFIX_DESC">
					<option value="0">JNO</option>
					<option value="1">JYES</option>
				</field>

				<field
					name="hikashopimagesuffix"
					type="cktext"
					default="_mini"
					label="MOD_MAXIMENUCK_HIKASHOPIMAGESUFFIX_LABEL"
					description="MOD_MAXIMENUCK_HIKASHOPIMAGESUFFIX_DESC"
					icon="image.png" />
				<field
					name="hikashopcategoryroot"
					type="ckhikashopcategory"
					label="MOD_MAXIMENUCK_HIKASHOPCATEGORYROOT_LABEL"
					default="0"
					description="MOD_MAXIMENUCK_HIKASHOPCATEGORYROOT_DESC"
				/>

				<field
					name="hikashopcategorydepth"
					type="cklist"
					label="MOD_MAXIMENUCK_HIKASHOPCATEGORYDEPTH_LABEL"
					default="0"
					description="MOD_MAXIMENUCK_HIKASHOPCATEGORYDEPTH_DESC"
				>
					<option value="0">JALL</option>
					<option value="1">1</option>
					<option value="2">2</option>
					<option value="3">3</option>
					<option value="4">4</option>
					<option value="5">5</option>
					<option value="6">6</option>
					<option value="7">7</option>
					<option value="8">8</option>
					<option value="9">9</option>
				</field>

				<field
					name="hikashopshowall"
					type="ckradio"
					class="btn-group"
					label="MOD_MAXIMENUCK_HIKASHOPSHOWALL_LABEL"
					default="1"
					description="MOD_MAXIMENUCK_HIKASHOPSHOWALL_DESC"
				>
					<option value="0">JNO</option>
					<option value="1">JYES</option>
				</field>
				<field
					name="thirdpartyckspacerk21"
					type="ckspacer"
					label="MOD_MAXIMENUCK_SPACER_K2"
					style="title" />
				<field
					name="thirdpartyckspacerk22"
					type="ckspacer"
					label="MOD_MAXIMENUCK_SPACER_K2_PATCH"
					style="link"
					icon="information.png"
					testpatch="k2" />
				<field
					name="usek2images"
					type="ckradio"
					default="0"
					label="MOD_MAXIMENUCK_USEK2IMAGES_LABEL"
					description="MOD_MAXIMENUCK_USEK2IMAGES_DESC"
					icon="images.png"
					class="btn-group">
					<option value="0">JNO</option>
					<option value="1">JYES</option>
				</field>

				<field
					name="usek2suffix"
					type="ckradio"
					default="0"
					label="MOD_MAXIMENUCK_USEK2SUFFIX_LABEL"
					description="MOD_MAXIMENUCK_USEK2SUFFIX_DESC"
					class="btn-group">
					<option value="0">JNO</option>
					<option value="1">JYES</option>
				</field>

				<field
					name="k2imagesuffix"
					type="cktext"
					default="_mini"
					label="MOD_MAXIMENUCK_K2IMAGESUFFIX_LABEL"
					description="MOD_MAXIMENUCK_K2IMAGESUFFIX_DESC"
					icon="image.png" />
				<field
					name="k2categoryroot"
					type="ckk2category"
					label="MOD_MAXIMENUCK_K2CATEGORYROOT_LABEL"
					default="0"
					description="MOD_MAXIMENUCK_K2CATEGORYROOT_DESC"
				/>

				<field
					name="k2categorydepth"
					type="cklist"
					label="MOD_MAXIMENUCK_K2CATEGORYDEPTH_LABEL"
					default="0"
					description="MOD_MAXIMENUCK_K2CATEGORYDEPTH_DESC"
				>
					<option value="0">JALL</option>
					<option value="1">1</option>
					<option value="2">2</option>
					<option value="3">3</option>
					<option value="4">4</option>
					<option value="5">5</option>
					<option value="6">6</option>
					<option value="7">7</option>
					<option value="8">8</option>
					<option value="9">9</option>
				</field>

				<field
					name="k2showall"
					type="ckradio"
					label="MOD_MAXIMENUCK_K2SHOWALL_LABEL"
					default="1"
					description="MOD_MAXIMENUCK_K2SHOWALL_DESC"
					class="btn-group"
				>
					<option value="0">JNO</option>
					<option value="1">JYES</option>
				</field>
				<field
					name="thirdpartyckspacerjoomshopping1"
					type="ckspacer"
					label="MOD_MAXIMENUCK_SPACER_JOOMSHOPPING"
					style="title" />

				<field
					name="thirdpartyckspacerjoomshopping2"
					type="ckspacer"
					label="MOD_MAXIMENUCK_SPACER_JOOMSHOPPING_PATCH"
					style="link"
					icon="information.png"
					testpatch="joomshopping" />
				<field
					name="joomshoppingitemid"
					type="cktext"
					label="MOD_MAXIMENUCK_JOOMSHOPPINGITEMID_LABEL"
					default="0"
					description="MOD_MAXIMENUCK_JOOMSHOPPINGITEMID_DESC"
				/>
				<field
					name="usejoomshoppingimages"
					type="ckradio"
					default="0"
					label="MOD_MAXIMENUCK_USEJOOMSHOPPINGIMAGES_LABEL"
					description="MOD_MAXIMENUCK_USEJOOMSHOPPINGIMAGES_DESC"
					class="btn-group"
					icon="images.png">
					<option value="0">JNO</option>
					<option value="1">JYES</option>
				</field>

				<field
					name="usejoomshoppingsuffix"
					type="ckradio"
					default="0"
					label="MOD_MAXIMENUCK_USEJOOMSHOPPINGSUFFIX_LABEL"
					description="MOD_MAXIMENUCK_USEJOOMSHOPPINGSUFFIX_DESC"
					class="btn-group">
					<option value="0">JNO</option>
					<option value="1">JYES</option>
				</field>

				<field
					name="joomshoppingimagesuffix"
					type="cktext"
					default="_mini"
					label="MOD_MAXIMENUCK_JOOMSHOPPINGIMAGESUFFIX_LABEL"
					description="MOD_MAXIMENUCK_JOOMSHOPPINGIMAGESUFFIX_DESC"
					icon="image.png" />
				<field
					name="joomshoppingcategoryroot"
					type="ckjoomshoppingcategory"
					label="MOD_MAXIMENUCK_JOOMSHOPPINGCATEGORYROOT_LABEL"
					default="0"
					description="MOD_MAXIMENUCK_JOOMSHOPPINGCATEGORYROOT_DESC"
				/>
				<field
					name="joomshoppingcategorydepth"
					type="cklist"
					label="MOD_MAXIMENUCK_JOOMSHOPPINGCATEGORYDEPTH_LABEL"
					default="0"
					description="MOD_MAXIMENUCK_JOOMSHOPPINGCATEGORYDEPTH_DESC"
				>
					<option value="0">JALL</option>
					<option value="1">1</option>
					<option value="2">2</option>
					<option value="3">3</option>
					<option value="4">4</option>
					<option value="5">5</option>
					<option value="6">6</option>
					<option value="7">7</option>
					<option value="8">8</option>
					<option value="9">9</option>
				</field>
			</fieldset>
		</fields>
	</config>
</extension>
