<?xml version="1.0" encoding="utf-8"?>
<extension version="3.0.0" type="plugin" group="system" method="upgrade">
    <name>Installer</name>
	<author>BdThemes Ltd</author>
	<creationDate>14th March 2016</creationDate>
	<copyright>(C) 2012 - 2015 BdThemes Ltd. All rights reserved.</copyright>
	<license>http://www.gnu.org/copyright/gpl.html GNU/GPL</license>
	<authorEmail>support@bdthemes.com</authorEmail>
	<authorUrl>http://www.bdthemes.com</authorUrl>
	<version>3.0.1</version>
	<description>Shortcode Ultimate for Joomla! Developed by BdThemes Ltd.</description>
    <scriptfile>install.script.php</scriptfile>
    <files>
        <filename plugin="SU_installer">installer.php</filename>
    </files>
    <cogs>
        <cog type="plugin" client="site" ordering="0" access="1" enabled="true" protected="false">
            plg_bdthemes_shortcodes
            <name>Shortcode Ultimate System Plugin</name>
            <description>Shortcode Ultimate System Plugin</description>
        </cog>
        <cog type="plugin" client="site" ordering="0" access="1" enabled="true" protected="false">
            plg_editors-xtd_shortcode_ultimate
            <name>Shortcode Ultimate Editor Button</name>
            <description>Shortcode Ultimate System Plugin</description>
        </cog>
        <cog type="component" client="administrator" access="0" enabled="true" protected="false" remove_admin_menu="true">
            com_bdthemes_shortcodes
            <name>Shortcode Ultimate Support and Admin Component</name>
            <description>Shortcode Ultimate Support and Admin Component</description>
        </cog>
    </cogs>
</extension>
