<?xml version="1.0" encoding="utf-8"?>
<extension version="2.5" type="plugin" group="system" method="upgrade">
	<name>Responsivizer Drag Modules</name>
	<author>Joomla! Extensions Store</author>
	<creationDate>November 2016</creationDate>
	<copyright>Copyright (C) 2015 - Joomla! Extensions Store. All Rights Reserved.</copyright>
	<license>http://www.gnu.org/licenses/gpl-2.0.html GNU/GPL</license>
	<authorEmail>info@storejextensions.org</authorEmail>
	<authorUrl>http://storejextensions.org</authorUrl>
	<version>2.4.3</version>
	<description>Responsivizer Drag Modules plugin</description>
	
	<files>
		<file plugin="respdragmodules">respdragmodules.php</file>
		<filename>index.html</filename>
	</files>
</extension>
