<?xml version="1.0" encoding="UTF-8" ?>
<extension type="package" version="3.0" method="upgrade">
	<name>Cobalt Russian Language</name>
    <packagename>ru-RU</packagename>
    <version>8.341</version>
	<url></url>
	<packager></packager>
	<packagerurl></packagerurl>
    <description>Russian Language for Cobalt 8 by AsmuZ</description>
	<files>
        <file type="language" client="site" id="ru-RU">site.zip</file>
		<file type="language" client="administrator" id="ru-RU">admin.zip</file>
	</files>
</extension>
