[{"id":1477910412617,"visibility":true,"collapse":false,"settings":{"admin_label":"","title":"","heading_selector":"h3","title_fontsize":"","title_fontweight":"","title_text_color":"","title_margin_top":"","title_margin_bottom":"","subtitle":"","subtitle_fontsize":"","title_position":"sppb-text-center","columns_equal_height":"0","fullscreen":"0","no_gutter":"0","id":"","class":"","padding":"250px 0px 250px 0px","margin":"0px 0px 0px 0px","color":"rgba(255, 255, 255, 1)","background_color":"rgba(133, 96, 168, 1)","background_image":"","overlay":"","background_repeat":"no-repeat","background_size":"cover","background_attachment":"scroll","background_position":"0 0","background_video":"0","background_video_mp4":"","background_video_ogv":"","hidden_xs":"","hidden_sm":"","hidden_md":"","animation":"","animationduration":"300","animationdelay":"0"},"layout":"12","columns":[{"id":1477910412618,"class_name":"col-md-12","visibility":true,"settings":{},"addons":[{"id":1477910628823,"name":"heading","visibility":true,"settings":{"admin_label":"","title":"We Create Ideas","heading_selector":"h1","use_link":"0","title_link":"","link_new_tab":"0","title_fontsize":"92","title_fontstyle":["bold"],"title_lineheight":"92px","title_letterspace":"0","title_margin":"10px 0px 10px 0px","title_padding":"0px 0px 0px 0px","alignment":"sppb-text-center","class":"","global_text_color":"","global_link_color":"","global_link_hover_color":"","global_use_background":"0","global_background_color":"","global_background_image":"","global_background_repeat":"no-repeat","global_background_size":"cover","global_background_attachment":"inherit","global_user_border":"0","global_border_width":"","global_border_color":"","global_boder_style":"none","global_border_radius":"","global_margin":"","global_padding":"","global_use_animation":"1","global_animation":"fadeInUp","global_animationduration":"500","global_animationdelay":"0","hidden_md":"0","hidden_sm":"0","hidden_xs":"0","acl":null}},{"id":1477910453041,"name":"heading","visibility":true,"settings":{"admin_label":"","title":"Lorem ipsum dolor sit amet, consectetur adipisicing elit, sed do eiusmod tempor incididunt ut labore et\ndolore magna aliqua. Ut enim ad minim veniamquis nostrud.","heading_selector":"div","use_link":"0","title_link":"","link_new_tab":"0","title_fontsize":"20","title_fontstyle":null,"title_lineheight":"28px","title_letterspace":"0","title_margin":"10px 0px 10px 0px","title_padding":"0px 0px 0px 0px","alignment":"sppb-text-center","class":"","global_text_color":"","global_link_color":"","global_link_hover_color":"","global_use_background":"0","global_background_color":"","global_background_image":"","global_background_repeat":"no-repeat","global_background_size":"cover","global_background_attachment":"inherit","global_user_border":"0","global_border_width":"","global_border_color":"","global_boder_style":"none","global_border_radius":"","global_margin":"","global_padding":"","global_use_animation":"1","global_animation":"fadeInUp","global_animationduration":"500","global_animationdelay":"300","hidden_md":"0","hidden_sm":"0","hidden_xs":"0","acl":null}},{"id":1477910800636,"name":"button_group","visibility":true,"settings":{"admin_label":"","alignment":"sppb-text-center","margin":"5","class":"","sp_button_group_item":[{"title":"Learn More","fontstyle":["uppercase","normal"],"letterspace":"2px","url":"#","type":"success","appearance":"3d","background_color":"#444444","color":"#ffffff","background_color_hover":"#222222","color_hover":"#ffffff","size":"xlg","shape":"rounded","block":"","icon":"","icon_position":"left","target":""}],"global_text_color":"","global_link_color":"","global_link_hover_color":"","global_use_background":"0","global_background_color":"","global_background_image":"","global_background_repeat":"no-repeat","global_background_size":"cover","global_background_attachment":"inherit","global_user_border":"0","global_border_width":"","global_border_color":"","global_boder_style":"none","global_border_radius":"","global_margin":"","global_padding":"30px 0px 10px 0px","global_use_animation":"1","global_animation":"fadeInUp","global_animationduration":"500","global_animationdelay":"500","hidden_md":"0","hidden_sm":"0","hidden_xs":"0","acl":null}}]}]},{"id":1477911185389,"visibility":true,"collapse":false,"settings":{"admin_label":"","title":"","heading_selector":"h3","title_fontsize":"","title_fontweight":"","title_text_color":"","title_margin_top":"","title_margin_bottom":"","subtitle":"","subtitle_fontsize":"","title_position":"sppb-text-center","columns_equal_height":"0","fullscreen":"1","no_gutter":"1","id":"","class":"","padding":"0px 0px 0px 0px","margin":"0px 0px 0px 0px","color":"","background_color":"","background_image":"","overlay":"","background_repeat":"no-repeat","background_size":"cover","background_attachment":"fixed","background_position":"0 0","background_video":"0","background_video_mp4":"","background_video_ogv":"","hidden_xs":"","hidden_sm":"","hidden_md":"","animation":"","animationduration":"300","animationdelay":"0"},"layout":"4,4,4","columns":[{"id":1477911185390,"class_name":"col-md-4","visibility":true,"settings":{"color":"","background":"rgba(0, 171, 168, 1)","background_image":"","overlay":"","background_repeat":"no-repeat","background_size":"cover","background_attachment":"scroll","background_position":"50% 50%","padding":"100px 20px 100px 20px","class":"","sm_col":"","xs_col":"","hidden_xs":"","hidden_sm":"","hidden_md":"","animation":"","animationduration":"300","animationdelay":"0"},"addons":[{"id":1477911271820,"name":"icon","visibility":true,"settings":{"admin_label":"","name":"fa-diamond","size":"60","color":"rgba(255, 255, 255, 1)","background":"","border_color":"","border_width":"","border_radius":"","margin_top":"","margin_bottom":"","padding":"","alignment":"sppb-text-center","class":"","global_text_color":"","global_link_color":"","global_link_hover_color":"","global_use_background":"0","global_background_color":"","global_background_image":"","global_background_repeat":"no-repeat","global_background_size":"cover","global_background_attachment":"inherit","global_user_border":"0","global_border_width":"","global_border_color":"","global_boder_style":"none","global_border_radius":"","global_margin":"","global_padding":"20px 0px 20px 0px","global_use_animation":"1","global_animation":"zoomIn","global_animationduration":"300","global_animationdelay":"0","hidden_md":"0","hidden_sm":"0","hidden_xs":"0","acl":null}},{"id":1477911476628,"name":"heading","visibility":true,"settings":{"admin_label":"","title":"Easy Customization","heading_selector":"h3","use_link":"0","title_link":"","link_new_tab":"0","title_fontsize":"30","title_fontstyle":["lighter"],"title_lineheight":"","title_letterspace":"0","title_margin":"0px 0px 0px 0px","title_padding":"0px 0px 20px 0px","alignment":"sppb-text-center","class":"","global_text_color":"rgba(255, 255, 255, 1)","global_link_color":"","global_link_hover_color":"","global_use_background":"0","global_background_color":"","global_background_image":"","global_background_repeat":"no-repeat","global_background_size":"cover","global_background_attachment":"inherit","global_user_border":"0","global_border_width":"","global_border_color":"","global_boder_style":"none","global_border_radius":"","global_margin":"","global_padding":"","global_use_animation":"1","global_animation":"fadeInUp","global_animationduration":"300","global_animationdelay":"200","hidden_md":"0","hidden_sm":"0","hidden_xs":"0","acl":null}}]},{"id":1477911185391,"class_name":"col-md-4","visibility":true,"settings":{"color":"","background":"rgba(136, 199, 64, 1)","background_image":"","overlay":"","background_repeat":"no-repeat","background_size":"cover","background_attachment":"scroll","background_position":"50% 50%","padding":"100px 20px 100px 20px","class":"","sm_col":"","xs_col":"","hidden_xs":"","hidden_sm":"","hidden_md":"","animation":"","animationduration":"300","animationdelay":"0"},"addons":[{"id":1477911185407,"name":"icon","visibility":true,"settings":{"admin_label":"","name":"fa-object-ungroup","size":"60","color":"rgba(255, 255, 255, 1)","background":"","border_color":"","border_width":"","border_radius":"","margin_top":"","margin_bottom":"","padding":"","alignment":"sppb-text-center","class":"","global_text_color":"","global_link_color":"","global_link_hover_color":"","global_use_background":"0","global_background_color":"","global_background_image":"","global_background_repeat":"no-repeat","global_background_size":"cover","global_background_attachment":"inherit","global_user_border":"0","global_border_width":"","global_border_color":"","global_boder_style":"none","global_border_radius":"","global_margin":"","global_padding":"20px 0px 20px 0px","global_use_animation":"1","global_animation":"zoomIn","global_animationduration":"300","global_animationdelay":"0","hidden_md":"0","hidden_sm":"0","hidden_xs":"0","acl":null}},{"id":1477911185410,"name":"heading","visibility":true,"settings":{"admin_label":"","title":"Smart layout","heading_selector":"h3","use_link":"0","title_link":"","link_new_tab":"0","title_fontsize":"30","title_fontstyle":["lighter"],"title_lineheight":"","title_letterspace":"0","title_margin":"0px 0px 0px 0px","title_padding":"0px 0px 20px 0px","alignment":"sppb-text-center","class":"","global_text_color":"rgba(255, 255, 255, 1)","global_link_color":"","global_link_hover_color":"","global_use_background":"0","global_background_color":"","global_background_image":"","global_background_repeat":"no-repeat","global_background_size":"cover","global_background_attachment":"inherit","global_user_border":"0","global_border_width":"","global_border_color":"","global_boder_style":"none","global_border_radius":"","global_margin":"","global_padding":"","global_use_animation":"1","global_animation":"fadeInUp","global_animationduration":"301","global_animationdelay":"200","hidden_md":"0","hidden_sm":"0","hidden_xs":"0","acl":null}}]},{"id":1477911185392,"class_name":"col-md-4","visibility":true,"settings":{"color":"","background":"rgba(224, 102, 32, 1)","background_image":"","overlay":"","background_repeat":"no-repeat","background_size":"cover","background_attachment":"scroll","background_position":"50% 50%","padding":"100px 0px 100px 0px","class":"","sm_col":"","xs_col":"","hidden_xs":"","hidden_sm":"","hidden_md":"","animation":"","animationduration":"300","animationdelay":"0"},"addons":[{"id":1477911185417,"name":"icon","visibility":true,"settings":{"admin_label":"","name":"fa-html5","size":"60","color":"rgba(255, 255, 255, 1)","background":"","border_color":"","border_width":"","border_radius":"","margin_top":"","margin_bottom":"","padding":"","alignment":"sppb-text-center","class":"","global_text_color":"","global_link_color":"","global_link_hover_color":"","global_use_background":"0","global_background_color":"","global_background_image":"","global_background_repeat":"no-repeat","global_background_size":"cover","global_background_attachment":"inherit","global_user_border":"0","global_border_width":"","global_border_color":"","global_boder_style":"none","global_border_radius":"","global_margin":"","global_padding":"20px 0px 20px 0px","global_use_animation":"1","global_animation":"zoomIn","global_animationduration":"300","global_animationdelay":"0","hidden_md":"0","hidden_sm":"0","hidden_xs":"0","acl":null}},{"id":1477911185420,"name":"heading","visibility":true,"settings":{"admin_label":"","title":"User Friendly","heading_selector":"h3","use_link":"0","title_link":"","link_new_tab":"0","title_fontsize":"30","title_fontstyle":["lighter"],"title_lineheight":"","title_letterspace":"0","title_margin":"0px 0px 0px 0px","title_padding":"0px 0px 20px 0px","alignment":"sppb-text-center","class":"","global_text_color":"rgba(255, 255, 255, 1)","global_link_color":"","global_link_hover_color":"","global_use_background":"0","global_background_color":"","global_background_image":"","global_background_repeat":"no-repeat","global_background_size":"cover","global_background_attachment":"inherit","global_user_border":"0","global_border_width":"","global_border_color":"","global_boder_style":"none","global_border_radius":"","global_margin":"","global_padding":"","global_use_animation":"1","global_animation":"fadeInUp","global_animationduration":"300","global_animationdelay":"200","hidden_md":"0","hidden_sm":"0","hidden_xs":"0","acl":null}}]}]},{"id":1477912510854,"visibility":true,"collapse":false,"settings":{"admin_label":"","title":"","heading_selector":"h3","title_fontsize":"","title_fontweight":"","title_text_color":"","title_margin_top":"","title_margin_bottom":"","subtitle":"","subtitle_fontsize":"","title_position":"sppb-text-center","columns_equal_height":"0","fullscreen":"0","no_gutter":"0","id":"","class":"","padding":"100px 0px 30px 0px","margin":"0px 0px 0px 0px","color":"","background_color":"","background_image":"","overlay":"","background_repeat":"no-repeat","background_size":"cover","background_attachment":"fixed","background_position":"0 0","background_video":"0","background_video_mp4":"","background_video_ogv":"","hidden_xs":"","hidden_sm":"","hidden_md":"","animation":"","animationduration":"300","animationdelay":"0"},"layout":"12","columns":[{"id":1477904968079,"class_name":"col-md-12","visibility":true,"settings":{},"addons":[{"id":1477904968080,"name":"heading","visibility":true,"settings":{"admin_label":"","title":"Everything You Want","heading_selector":"h2","use_link":"0","title_link":"","link_new_tab":"0","title_fontsize":"48","title_fontstyle":["lighter"],"title_lineheight":"48px","title_letterspace":"0","title_margin":"0px 0px 20px 0px","title_padding":"0px 0px 0px 0px","alignment":"sppb-text-center","class":"","global_text_color":"","global_link_color":"","global_link_hover_color":"","global_use_background":"0","global_background_color":"","global_background_image":"","global_background_repeat":"no-repeat","global_background_size":"cover","global_background_attachment":"inherit","global_user_border":"0","global_border_width":"","global_border_color":"","global_boder_style":"none","global_border_radius":"","global_margin":"","global_padding":"","global_use_animation":"0","global_animation":"","global_animationduration":"300","global_animationdelay":"0","hidden_md":"0","hidden_sm":"0","hidden_xs":"0","acl":null}},{"id":1477904968081,"name":"heading","visibility":true,"settings":{"admin_label":"","title":"Create professional website effortlessly with  advanced Intelligent Page Builders","heading_selector":"div","use_link":"0","title_link":"","link_new_tab":"0","title_fontsize":"20","title_fontstyle":["lighter"],"title_lineheight":"32px","title_letterspace":"0","title_margin":"0px 0px 0px 0px","title_padding":"0px 0px 0px 0px","alignment":"sppb-text-center","class":"","global_text_color":"","global_link_color":"","global_link_hover_color":"","global_use_background":"0","global_background_color":"","global_background_image":"","global_background_repeat":"no-repeat","global_background_size":"cover","global_background_attachment":"inherit","global_user_border":"0","global_border_width":"","global_border_color":"","global_boder_style":"none","global_border_radius":"","global_margin":"","global_padding":"","global_use_animation":"0","global_animation":"","global_animationduration":"300","global_animationdelay":"0","hidden_md":"0","hidden_sm":"0","hidden_xs":"0","acl":null}}]}]},{"id":1477912462911,"visibility":true,"collapse":false,"settings":{"admin_label":"","title":"","heading_selector":"h3","title_fontsize":"","title_fontweight":"","title_text_color":"","title_margin_top":"","title_margin_bottom":"","subtitle":"","subtitle_fontsize":"","title_position":"sppb-text-center","columns_equal_height":"0","fullscreen":"0","no_gutter":"0","id":"","class":"","padding":"40px 0px 100px 0px","margin":"0px 0px 0px 0px","color":"","background_color":"","background_image":"","overlay":"","background_repeat":"no-repeat","background_size":"cover","background_attachment":"fixed","background_position":"0 0","background_video":"0","background_video_mp4":"","background_video_ogv":"","hidden_xs":"","hidden_sm":"","hidden_md":"","animation":"","animationduration":"300","animationdelay":"0"},"layout":"6,6","columns":[{"id":1477309431054,"class_name":"col-md-6","visibility":true,"settings":{},"addons":[{"id":1477309431104,"name":"accordion","visibility":true,"settings":{"admin_label":"","title":"Why Chose Us?","heading_selector":"h3","title_fontsize":"","title_lineheight":"","title_fontstyle":null,"title_letterspace":"0","title_fontweight":"","title_text_color":"","title_margin_top":"0","title_margin_bottom":"20","style":"panel-faq","class":"","sp_accordion_item":[{"title":"Creative People","icon":"","content":"<p>Anim pariatur cliche reprehenderit, enim eiusmod high life accusamus terry richardson ad squid. 3 wolf moon officia aute, non cupidatat skateboard dolor brunch. Food truck quinoa nesciunt laborum eiusmod. Brunch 3 wolf moon tempor, sunt aliqua put a bird on it squid.single-origin coffee nulla assumenda shoreditch et.</p>\n<p>Single-origin coffee nulla assumenda shoreditch et food truck quinoa nesciunt laborum eiusmod.</p>"},{"title":"Awesome Customer Support","icon":"","content":"<p>Anim pariatur cliche reprehenderit, enim eiusmod high life accusamus terry richardson ad squid. 3 wolf moon officia aute, non cupidatat skateboard dolor brunch. Food truck quinoa nesciunt laborum eiusmod. Brunch 3 wolf moon tempor, sunt aliqua put a bird on it squid single-origin coffee nulla assumenda shoreditch et.</p>"},{"title":"Money Back Guarantee","icon":"","content":"<p>Anim pariatur cliche reprehenderit, enim eiusmod high life accusamus terry richardson ad squid. 3 wolf moon officia aute, non cupidatat skateboard dolor brunch. Food truck quinoa nesciunt laborum eiusmod. Brunch 3 wolf moon tempor, sunt aliqua put a bird on it squid single-origin coffee nulla assumenda shoreditch et.</p>"}],"global_text_color":"","global_link_color":"","global_link_hover_color":"","global_use_background":"0","global_background_color":"","global_background_image":"","global_background_repeat":"no-repeat","global_background_size":"cover","global_background_attachment":"inherit","global_user_border":"0","global_border_width":"","global_border_color":"","global_boder_style":"none","global_border_radius":"","global_margin":"","global_padding":"10px 0px 10px 0px","global_use_animation":"0","global_animation":"","global_animationduration":"300","global_animationdelay":"0","hidden_md":"0","hidden_sm":"0","hidden_xs":"0","acl":null}}]},{"id":1477309431055,"class_name":"col-md-6","visibility":true,"settings":{},"addons":[{"id":1477309431058,"name":"text_block","visibility":true,"settings":{"admin_label":"","title":"Our Skills","heading_selector":"h3","title_fontsize":"","title_lineheight":"","title_fontstyle":null,"title_letterspace":"0","title_fontweight":"","title_text_color":"","title_margin_top":"0","title_margin_bottom":"20","text":"<p>Lorem ipsum dolor sit amet, consectetur adipisicing elit, sed do eiusmod tempor incididunt ut labore et dolore magna aliqua. Ut enim ad minim veniam, quis nostrud exercitation ullamco.</p>","alignment":"sppb-text-left","class":"","global_text_color":"","global_link_color":"","global_link_hover_color":"","global_use_background":"0","global_background_color":"","global_background_image":"","global_background_repeat":"no-repeat","global_background_size":"cover","global_background_attachment":"inherit","global_user_border":"0","global_border_width":"","global_border_color":"","global_boder_style":"none","global_border_radius":"","global_margin":"","global_padding":"10px 0px 10px 0px","global_use_animation":"0","global_animation":"","global_animationduration":"300","global_animationdelay":"0","hidden_md":"0","hidden_sm":"0","hidden_xs":"0","acl":null}},{"id":1477309431068,"name":"progress_bar","visibility":true,"settings":{"admin_label":"","progress":"90","bar_height":"10","type":"custom","bar_background":"rgba(219, 219, 219, 1)","progress_bar_background":"rgba(242, 101, 34, 1)","stripped":"","text":"Web Design","active":"","show_percentage":"1","class":"","global_text_color":"","global_link_color":"","global_link_hover_color":"","global_use_background":"0","global_background_color":"","global_background_image":"","global_background_repeat":"no-repeat","global_background_size":"cover","global_background_attachment":"inherit","global_user_border":"0","global_border_width":"","global_border_color":"","global_boder_style":"none","global_border_radius":"","global_margin":"","global_padding":"","global_use_animation":"0","global_animation":"","global_animationduration":"300","global_animationdelay":"0","hidden_md":"0","hidden_sm":"0","hidden_xs":"0","acl":null}},{"id":1477906698086,"name":"progress_bar","visibility":true,"settings":{"admin_label":"","progress":"40","bar_height":"10","type":"custom","bar_background":"rgba(219, 219, 219, 1)","progress_bar_background":"rgba(133, 96, 168, 1)","stripped":"","text":"Joomla Development","active":"","show_percentage":"1","class":"","global_text_color":"","global_link_color":"","global_link_hover_color":"","global_use_background":"0","global_background_color":"","global_background_image":"","global_background_repeat":"no-repeat","global_background_size":"cover","global_background_attachment":"inherit","global_user_border":"0","global_border_width":"","global_border_color":"","global_boder_style":"none","global_border_radius":"","global_margin":"","global_padding":"","global_use_animation":"0","global_animation":"","global_animationduration":"300","global_animationdelay":"0","hidden_md":"0","hidden_sm":"0","hidden_xs":"0","acl":null}},{"id":1477906698091,"name":"progress_bar","visibility":true,"settings":{"admin_label":"","progress":"60","bar_height":"10","type":"custom","bar_background":"rgba(219, 219, 219, 1)","progress_bar_background":"rgba(0, 174, 239, 1)","stripped":"","text":"Animation","active":"","show_percentage":"1","class":"","global_text_color":"","global_link_color":"","global_link_hover_color":"","global_use_background":"0","global_background_color":"","global_background_image":"","global_background_repeat":"no-repeat","global_background_size":"cover","global_background_attachment":"inherit","global_user_border":"0","global_border_width":"","global_border_color":"","global_boder_style":"none","global_border_radius":"","global_margin":"","global_padding":"","global_use_animation":"0","global_animation":"","global_animationduration":"300","global_animationdelay":"0","hidden_md":"0","hidden_sm":"0","hidden_xs":"0","acl":null}},{"id":1477906698098,"name":"progress_bar","visibility":true,"settings":{"admin_label":"","progress":"95","bar_height":"10","type":"custom","bar_background":"rgba(219, 219, 219, 1)","progress_bar_background":"rgba(141, 198, 63, 1)","stripped":"","text":"Graphic Design","active":"","show_percentage":"1","class":"","global_text_color":"","global_link_color":"","global_link_hover_color":"","global_use_background":"0","global_background_color":"","global_background_image":"","global_background_repeat":"no-repeat","global_background_size":"cover","global_background_attachment":"inherit","global_user_border":"0","global_border_width":"","global_border_color":"","global_boder_style":"none","global_border_radius":"","global_margin":"","global_padding":"","global_use_animation":"0","global_animation":"","global_animationduration":"300","global_animationdelay":"0","hidden_md":"0","hidden_sm":"0","hidden_xs":"0","acl":null}},{"id":1477906698105,"name":"progress_bar","visibility":true,"settings":{"admin_label":"","progress":"86","bar_height":"10","type":"custom","bar_background":"rgba(219, 219, 219, 1)","progress_bar_background":"rgba(0, 169, 157, 1)","stripped":"","text":"Print Media & Branding","active":"","show_percentage":"1","class":"","global_text_color":"","global_link_color":"","global_link_hover_color":"","global_use_background":"0","global_background_color":"","global_background_image":"","global_background_repeat":"no-repeat","global_background_size":"cover","global_background_attachment":"inherit","global_user_border":"0","global_border_width":"","global_border_color":"","global_boder_style":"none","global_border_radius":"","global_margin":"","global_padding":"","global_use_animation":"0","global_animation":"","global_animationduration":"300","global_animationdelay":"0","hidden_md":"0","hidden_sm":"0","hidden_xs":"0","acl":null}}]}]},{"id":1477912929753,"visibility":true,"collapse":false,"settings":{"admin_label":"","title":"","heading_selector":"h3","title_fontsize":"","title_fontweight":"","title_text_color":"","title_margin_top":"","title_margin_bottom":"","subtitle":"","subtitle_fontsize":"","title_position":"sppb-text-center","columns_equal_height":"0","fullscreen":"0","no_gutter":"0","id":"","class":"","padding":"100px 0px 30px 0px","margin":"0px 0px 0px 0px","color":"","background_color":"rgba(245, 245, 245, 1)","background_image":"","overlay":"","background_repeat":"no-repeat","background_size":"cover","background_attachment":"fixed","background_position":"0 0","background_video":"0","background_video_mp4":"","background_video_ogv":"","hidden_xs":"","hidden_sm":"","hidden_md":"","animation":"","animationduration":"300","animationdelay":"0"},"layout":"12","columns":[{"id":1477912929754,"class_name":"col-md-12","visibility":true,"settings":{},"addons":[{"id":1477912929755,"name":"heading","visibility":true,"settings":{"admin_label":"","title":"Our Recent Works","heading_selector":"h2","use_link":"0","title_link":"","link_new_tab":"0","title_fontsize":"48","title_fontstyle":["lighter"],"title_lineheight":"48px","title_letterspace":"0","title_margin":"0px 0px 20px 0px","title_padding":"0px 0px 0px 0px","alignment":"sppb-text-center","class":"","global_text_color":"","global_link_color":"","global_link_hover_color":"","global_use_background":"0","global_background_color":"","global_background_image":"","global_background_repeat":"no-repeat","global_background_size":"cover","global_background_attachment":"inherit","global_user_border":"0","global_border_width":"","global_border_color":"","global_boder_style":"none","global_border_radius":"","global_margin":"","global_padding":"","global_use_animation":"0","global_animation":"","global_animationduration":"300","global_animationdelay":"0","hidden_md":"0","hidden_sm":"0","hidden_xs":"0","acl":null}},{"id":1477912929756,"name":"heading","visibility":true,"settings":{"admin_label":"","title":"Ut quis euismod estmorbi lobortis ultrices purus, at tempor","heading_selector":"div","use_link":"0","title_link":"","link_new_tab":"0","title_fontsize":"20","title_fontstyle":["lighter"],"title_lineheight":"32px","title_letterspace":"0","title_margin":"0px 0px 0px 0px","title_padding":"0px 0px 0px 0px","alignment":"sppb-text-center","class":"","global_text_color":"","global_link_color":"","global_link_hover_color":"","global_use_background":"0","global_background_color":"","global_background_image":"","global_background_repeat":"no-repeat","global_background_size":"cover","global_background_attachment":"inherit","global_user_border":"0","global_border_width":"","global_border_color":"","global_boder_style":"none","global_border_radius":"","global_margin":"","global_padding":"","global_use_animation":"0","global_animation":"","global_animationduration":"300","global_animationdelay":"0","hidden_md":"0","hidden_sm":"0","hidden_xs":"0","acl":null}}]}]},{"id":1477912929757,"visibility":true,"collapse":false,"settings":{"admin_label":"","title":"","heading_selector":"h3","title_fontsize":"","title_fontweight":"","title_text_color":"","title_margin_top":"","title_margin_bottom":"","subtitle":"","subtitle_fontsize":"","title_position":"sppb-text-center","columns_equal_height":"0","fullscreen":"0","no_gutter":"0","id":"","class":"","padding":"25px 0px 85px 0px","margin":"0px 0px 0px 0px","color":"","background_color":"rgba(245, 245, 245, 1)","background_image":"","overlay":"","background_repeat":"no-repeat","background_size":"cover","background_attachment":"fixed","background_position":"0 0","background_video":"0","background_video_mp4":"","background_video_ogv":"","hidden_xs":"","hidden_sm":"","hidden_md":"","animation":"","animationduration":"300","animationdelay":"0"},"layout":"4,4,4","columns":[{"id":1477912929758,"class_name":"col-md-4","visibility":true,"settings":{},"addons":[{"id":1477913353614,"name":"image","visibility":true,"settings":{"admin_label":"","title":"","heading_selector":"h3","title_fontsize":"","title_lineheight":"","title_fontstyle":null,"title_letterspace":"0","title_fontweight":"","title_text_color":"","title_margin_top":"","title_margin_bottom":"","image":"https://sppagebuilder.com/sample-data/images/2016/10/31/portfolio-1.jpg","alt_text":"Portfolio","position":"sppb-text-center","open_lightbox":"1","overlay_color":"rgba(0, 174, 239, 0.8)","link":"","target":"","class":"","global_text_color":"","global_link_color":"","global_link_hover_color":"","global_use_background":"0","global_background_color":"","global_background_image":"","global_background_repeat":"no-repeat","global_background_size":"cover","global_background_attachment":"inherit","global_user_border":"0","global_border_width":"","global_border_color":"","global_boder_style":"none","global_border_radius":"","global_margin":"","global_padding":"15px 0px 15px 0px","global_use_animation":"0","global_animation":"","global_animationduration":"300","global_animationdelay":"0","hidden_md":"0","hidden_sm":"0","hidden_xs":"0","acl":null}},{"id":1477913609585,"name":"image","visibility":true,"settings":{"admin_label":"","title":"","heading_selector":"h3","title_fontsize":"","title_lineheight":"","title_fontstyle":null,"title_letterspace":"0","title_fontweight":"","title_text_color":"","title_margin_top":"","title_margin_bottom":"","image":"https://sppagebuilder.com/sample-data/images/2016/10/31/portfolio-4.jpg","alt_text":"Portfolio","position":"sppb-text-center","open_lightbox":"1","overlay_color":"rgba(0, 174, 239, 0.8)","link":"","target":"","class":"","global_text_color":"","global_link_color":"","global_link_hover_color":"","global_use_background":"0","global_background_color":"","global_background_image":"","global_background_repeat":"no-repeat","global_background_size":"cover","global_background_attachment":"inherit","global_user_border":"0","global_border_width":"","global_border_color":"","global_boder_style":"none","global_border_radius":"","global_margin":"","global_padding":"15px 0px 15px 0px","global_use_animation":"0","global_animation":"","global_animationduration":"300","global_animationdelay":"0","hidden_md":"0","hidden_sm":"0","hidden_xs":"0","acl":null}}]},{"id":1477912929760,"class_name":"col-md-4","visibility":true,"settings":{},"addons":[{"id":1477912929790,"name":"image","visibility":true,"settings":{"admin_label":"","title":"","heading_selector":"h3","title_fontsize":"","title_lineheight":"","title_fontstyle":null,"title_letterspace":"0","title_fontweight":"","title_text_color":"","title_margin_top":"","title_margin_bottom":"","image":"https://sppagebuilder.com/sample-data/images/2016/10/31/portfolio-2.jpg","alt_text":"Portfolio","position":"sppb-text-center","open_lightbox":"1","overlay_color":"rgba(0, 174, 239, 0.8)","link":"","target":"","class":"","global_text_color":"","global_link_color":"","global_link_hover_color":"","global_use_background":"0","global_background_color":"","global_background_image":"","global_background_repeat":"no-repeat","global_background_size":"cover","global_background_attachment":"inherit","global_user_border":"0","global_border_width":"","global_border_color":"","global_boder_style":"none","global_border_radius":"","global_margin":"","global_padding":"15px 0px 15px 0px","global_use_animation":"0","global_animation":"","global_animationduration":"300","global_animationdelay":"0","hidden_md":"0","hidden_sm":"0","hidden_xs":"0","acl":null}},{"id":1477913609588,"name":"image","visibility":true,"settings":{"admin_label":"","title":"","heading_selector":"h3","title_fontsize":"","title_lineheight":"","title_fontstyle":null,"title_letterspace":"0","title_fontweight":"","title_text_color":"","title_margin_top":"","title_margin_bottom":"","image":"https://sppagebuilder.com/sample-data/images/2016/10/31/portfolio-5.jpg","alt_text":"Portfolio","position":"sppb-text-center","open_lightbox":"1","overlay_color":"rgba(0, 174, 239, 0.8)","link":"","target":"","class":"","global_text_color":"","global_link_color":"","global_link_hover_color":"","global_use_background":"0","global_background_color":"","global_background_image":"","global_background_repeat":"no-repeat","global_background_size":"cover","global_background_attachment":"inherit","global_user_border":"0","global_border_width":"","global_border_color":"","global_boder_style":"none","global_border_radius":"","global_margin":"","global_padding":"15px 0px 15px 0px","global_use_animation":"0","global_animation":"","global_animationduration":"300","global_animationdelay":"0","hidden_md":"0","hidden_sm":"0","hidden_xs":"0","acl":null}}]},{"id":1477912929785,"class_name":"col-md-4","visibility":true,"settings":{},"addons":[{"id":1477912929793,"name":"image","visibility":true,"settings":{"admin_label":"","title":"","heading_selector":"h3","title_fontsize":"","title_lineheight":"","title_fontstyle":null,"title_letterspace":"0","title_fontweight":"","title_text_color":"","title_margin_top":"","title_margin_bottom":"","image":"https://sppagebuilder.com/sample-data/images/2016/10/31/portfolio3.jpg","alt_text":"Portfolio","position":"sppb-text-center","open_lightbox":"1","overlay_color":"rgba(0, 174, 239, 0.8)","link":"","target":"","class":"","global_text_color":"","global_link_color":"","global_link_hover_color":"","global_use_background":"0","global_background_color":"","global_background_image":"","global_background_repeat":"no-repeat","global_background_size":"cover","global_background_attachment":"inherit","global_user_border":"0","global_border_width":"","global_border_color":"","global_boder_style":"none","global_border_radius":"","global_margin":"","global_padding":"15px 0px 15px 0px","global_use_animation":"0","global_animation":"","global_animationduration":"300","global_animationdelay":"0","hidden_md":"0","hidden_sm":"0","hidden_xs":"0","acl":null}},{"id":1477913609591,"name":"image","visibility":true,"settings":{"admin_label":"","title":"","heading_selector":"h3","title_fontsize":"","title_lineheight":"","title_fontstyle":null,"title_letterspace":"0","title_fontweight":"","title_text_color":"","title_margin_top":"","title_margin_bottom":"","image":"https://sppagebuilder.com/sample-data/images/2016/10/31/portfolio-6.jpg","alt_text":"Portfolio","position":"sppb-text-center","open_lightbox":"1","overlay_color":"rgba(0, 174, 239, 0.8)","link":"","target":"","class":"","global_text_color":"","global_link_color":"","global_link_hover_color":"","global_use_background":"0","global_background_color":"","global_background_image":"","global_background_repeat":"no-repeat","global_background_size":"cover","global_background_attachment":"inherit","global_user_border":"0","global_border_width":"","global_border_color":"","global_boder_style":"none","global_border_radius":"","global_margin":"","global_padding":"15px 0px 15px 0px","global_use_animation":"0","global_animation":"","global_animationduration":"300","global_animationdelay":"0","hidden_md":"0","hidden_sm":"0","hidden_xs":"0","acl":null}}]}]},{"id":1477914433170,"visibility":true,"collapse":false,"settings":{"admin_label":"","title":"","heading_selector":"h3","title_fontsize":"","title_fontweight":"","title_text_color":"","title_margin_top":"","title_margin_bottom":"","subtitle":"","subtitle_fontsize":"","title_position":"sppb-text-center","columns_equal_height":"0","fullscreen":"0","no_gutter":"0","id":"","class":"","padding":"85px 0px 85px 0px","margin":"0px 0px 0px 0px","color":"","background_color":"","background_image":"","overlay":"","background_repeat":"no-repeat","background_size":"cover","background_attachment":"fixed","background_position":"0 0","background_video":"0","background_video_mp4":"","background_video_ogv":"","hidden_xs":"","hidden_sm":"","hidden_md":"","animation":"","animationduration":"300","animationdelay":"0"},"layout":"12","columns":[{"id":1477914433171,"class_name":"col-md-12","visibility":true,"settings":{},"addons":[{"id":1477914463063,"name":"icon","visibility":true,"settings":{"admin_label":"","name":"fa-quote-left","size":"36","color":"","background":"","border_color":"","border_width":"","border_radius":"","margin_top":"","margin_bottom":"","padding":"","alignment":"sppb-text-center","class":"","global_text_color":"","global_link_color":"","global_link_hover_color":"","global_use_background":"0","global_background_color":"","global_background_image":"","global_background_repeat":"no-repeat","global_background_size":"cover","global_background_attachment":"inherit","global_user_border":"0","global_border_width":"","global_border_color":"","global_boder_style":"none","global_border_radius":"","global_margin":"","global_padding":"15px 0px 15px 0px","global_use_animation":"0","global_animation":"","global_animationduration":"300","global_animationdelay":"0","hidden_md":"0","hidden_sm":"0","hidden_xs":"0","acl":null}},{"id":1477914518946,"name":"testimonialpro","visibility":true,"settings":{"admin_label":"","autoplay":"1","arrows":"1","class":"","sp_testimonialpro_item":[{"title":"<strong class=\"pro-client-name\"><strong class=\"pro-client-name\"><strong class=\"pro-client-name\">Tom Jonhnson</strong></strong></strong>","avatar":"","avatar_style":"sppb-img-circle","message":"<p>Lorem ipsum dolor sit amet, consectetur adipisicing elit, sed do eiusmod tempor incididunt ut labore et dolore magna aliqua Ut enim ad minim veniam.</p>","url":""},{"title":"<strong class=\"pro-client-name\"><strong class=\"pro-client-name\"><strong class=\"pro-client-name\">Tom Jonhnson</strong></strong></strong>","avatar":"","avatar_style":"sppb-img-circle","message":"<p>Lorem ipsum dolor sit amet, consectetur adipisicing elit, sed do eiusmod tempor incididunt ut labore et dolore magna aliqua Ut enim ad minim veniam.</p>","url":""},{"title":"<strong class=\"pro-client-name\"><strong class=\"pro-client-name\"><strong class=\"pro-client-name\">Tom Jonhnson</strong></strong></strong>","avatar":"","avatar_style":"sppb-img-circle","message":"<p>Lorem ipsum dolor sit amet, consectetur adipisicing elit, sed do eiusmod tempor incididunt ut labore et dolore magna aliqua Ut enim ad minim veniam.</p>","url":""}],"global_text_color":"","global_link_color":"","global_link_hover_color":"","global_use_background":"0","global_background_color":"","global_background_image":"","global_background_repeat":"no-repeat","global_background_size":"cover","global_background_attachment":"inherit","global_user_border":"0","global_border_width":"","global_border_color":"","global_boder_style":"none","global_border_radius":"","global_margin":"","global_padding":"15px 0px 15px 0px","global_use_animation":"0","global_animation":"","global_animationduration":"300","global_animationdelay":"0","hidden_md":"0","hidden_sm":"0","hidden_xs":"0","acl":null}}]}]},{"id":1477914608850,"visibility":true,"collapse":false,"settings":{"admin_label":"Clients","title":"","heading_selector":"h3","title_fontsize":"","title_fontweight":"","title_text_color":"","title_margin_top":"","title_margin_bottom":"","subtitle":"","subtitle_fontsize":"","title_position":"sppb-text-center","columns_equal_height":"0","fullscreen":"0","no_gutter":"0","id":"","class":"","padding":"100px 0px 100px 0px","margin":"0px 0px 0px 0px","color":"","background_color":"rgba(245, 245, 245, 1)","background_image":"","overlay":"","background_repeat":"no-repeat","background_size":"cover","background_attachment":"fixed","background_position":"0 0","background_video":"0","background_video_mp4":"","background_video_ogv":"","hidden_xs":"","hidden_sm":"","hidden_md":"","animation":"","animationduration":"300","animationdelay":"0"},"layout":"3,3,3,3","columns":[{"id":1477305811391,"class_name":"col-md-3","visibility":true,"settings":{},"addons":[{"id":1477305811397,"name":"image","visibility":true,"settings":{"admin_label":"","title":"","heading_selector":"h3","title_fontsize":"","title_lineheight":"","title_fontstyle":null,"title_letterspace":"0","title_fontweight":"","title_text_color":"","title_margin_top":"","title_margin_bottom":"","image":"https://sppagebuilder.com/sample-data/images/2016/10/31/partner-1.png","alt_text":"Partner 1","position":"sppb-text-center","open_lightbox":"0","overlay_color":"rgba(119, 219, 31, 0.5)","link":"#","target":"","class":"","global_text_color":"","global_link_color":"","global_link_hover_color":"","global_use_background":"0","global_background_color":"","global_background_image":"","global_background_repeat":"no-repeat","global_background_size":"cover","global_background_attachment":"inherit","global_user_border":"0","global_border_width":"","global_border_color":"","global_boder_style":"none","global_border_radius":"","global_margin":"","global_padding":"10px 0px 10px 0px","global_use_animation":"0","global_animation":"","global_animationduration":"300","global_animationdelay":"0","hidden_md":"0","hidden_sm":"0","hidden_xs":"0","acl":null}}]},{"id":1477305811392,"class_name":"col-md-3","visibility":true,"settings":{},"addons":[{"id":1477305811400,"name":"image","visibility":true,"settings":{"admin_label":"","title":"","heading_selector":"h3","title_fontsize":"","title_lineheight":"","title_fontstyle":null,"title_letterspace":"0","title_fontweight":"","title_text_color":"","title_margin_top":"","title_margin_bottom":"","image":"https://sppagebuilder.com/sample-data/images/2016/10/31/partner-2.png","alt_text":"Partner 1","position":"sppb-text-center","open_lightbox":"0","overlay_color":"rgba(119, 219, 31, 0.5)","link":"#","target":"","class":"","global_text_color":"","global_link_color":"","global_link_hover_color":"","global_use_background":"0","global_background_color":"","global_background_image":"","global_background_repeat":"no-repeat","global_background_size":"cover","global_background_attachment":"inherit","global_user_border":"0","global_border_width":"","global_border_color":"","global_boder_style":"none","global_border_radius":"","global_margin":"","global_padding":"10px 0px 10px 0px","global_use_animation":"0","global_animation":"","global_animationduration":"300","global_animationdelay":"0","hidden_md":"0","hidden_sm":"0","hidden_xs":"0","acl":null}}]},{"id":1477305811393,"class_name":"col-md-3","visibility":true,"settings":{},"addons":[{"id":1477305811403,"name":"image","visibility":true,"settings":{"admin_label":"","title":"","heading_selector":"h3","title_fontsize":"","title_lineheight":"","title_fontstyle":null,"title_letterspace":"0","title_fontweight":"","title_text_color":"","title_margin_top":"","title_margin_bottom":"","image":"https://sppagebuilder.com/sample-data/images/2016/10/31/partner-3.png","alt_text":"Partner 1","position":"sppb-text-center","open_lightbox":"0","overlay_color":"rgba(119, 219, 31, 0.5)","link":"#","target":"","class":"","global_text_color":"","global_link_color":"","global_link_hover_color":"","global_use_background":"0","global_background_color":"","global_background_image":"","global_background_repeat":"no-repeat","global_background_size":"cover","global_background_attachment":"inherit","global_user_border":"0","global_border_width":"","global_border_color":"","global_boder_style":"none","global_border_radius":"","global_margin":"","global_padding":"10px 0px 10px 0px","global_use_animation":"0","global_animation":"","global_animationduration":"300","global_animationdelay":"0","hidden_md":"0","hidden_sm":"0","hidden_xs":"0","acl":null}}]},{"id":1477305811394,"class_name":"col-md-3","visibility":true,"settings":{},"addons":[{"id":1477305811406,"name":"image","visibility":true,"settings":{"admin_label":"","title":"","heading_selector":"h3","title_fontsize":"","title_lineheight":"","title_fontstyle":null,"title_letterspace":"0","title_fontweight":"","title_text_color":"","title_margin_top":"","title_margin_bottom":"","image":"https://sppagebuilder.com/sample-data/images/2016/10/31/partner-4.png","alt_text":"Partner 1","position":"sppb-text-center","open_lightbox":"0","overlay_color":"rgba(119, 219, 31, 0.5)","link":"#","target":"","class":"","global_text_color":"","global_link_color":"","global_link_hover_color":"","global_use_background":"0","global_background_color":"","global_background_image":"","global_background_repeat":"no-repeat","global_background_size":"cover","global_background_attachment":"inherit","global_user_border":"0","global_border_width":"","global_border_color":"","global_boder_style":"none","global_border_radius":"","global_margin":"","global_padding":"10px 0px 10px 0px","global_use_animation":"0","global_animation":"","global_animationduration":"300","global_animationdelay":"0","hidden_md":"0","hidden_sm":"0","hidden_xs":"0","acl":null}}]}]},{"id":1477914630199,"visibility":true,"collapse":false,"settings":{"admin_label":"","title":"","heading_selector":"h3","title_fontsize":"","title_fontweight":"","title_text_color":"","title_margin_top":"","title_margin_bottom":"","subtitle":"","subtitle_fontsize":"","title_position":"sppb-text-center","columns_equal_height":"0","fullscreen":"0","no_gutter":"0","id":"","class":"","padding":"145px 0px 145px 0px","margin":"0px 0px 0px 0px","color":"rgba(255, 255, 255, 1)","background_color":"rgba(133, 96, 168, 1)","background_image":"","overlay":"","background_repeat":"no-repeat","background_size":"cover","background_attachment":"scroll","background_position":"50% 50%","background_video":"0","background_video_mp4":"","background_video_ogv":"","hidden_xs":"","hidden_sm":"","hidden_md":"","animation":"","animationduration":"300","animationdelay":"0"},"layout":"12","columns":[{"id":1477914630200,"class_name":"col-md-12","visibility":true,"settings":{},"addons":[{"id":1477914856034,"name":"text_block","visibility":true,"settings":{"admin_label":"","title":"We are Creative Agency","heading_selector":"h2","title_fontsize":"48","title_lineheight":"48px","title_fontstyle":["uppercase"],"title_letterspace":"0","title_fontweight":"","title_text_color":"","title_margin_top":"0","title_margin_bottom":"20","text":"<p><span style=\"font-size: 18pt; line-height: 36px;\">Lorem ipsum dolor sit amet, consectetur adipisicing elit, sed do eiusmod tempor incididunt ut</span><br /><span style=\"font-size: 18pt; line-height: 36px;\">labore et dolore magna aliqua. Ut enim ad minim veniam.</span></p>","alignment":"sppb-text-center","class":"","global_text_color":"","global_link_color":"","global_link_hover_color":"","global_use_background":"0","global_background_color":"","global_background_image":"","global_background_repeat":"no-repeat","global_background_size":"cover","global_background_attachment":"inherit","global_user_border":"0","global_border_width":"","global_border_color":"","global_boder_style":"none","global_border_radius":"","global_margin":"","global_padding":"15px 0px 15px 0px","global_use_animation":"0","global_animation":"","global_animationduration":"300","global_animationdelay":"0","hidden_md":"0","hidden_sm":"0","hidden_xs":"0","acl":null}},{"id":1477915008980,"name":"button_group","visibility":true,"settings":{"admin_label":"","alignment":"sppb-text-center","margin":"5","class":"","sp_button_group_item":[{"title":"Take a Tour","fontstyle":null,"letterspace":"0","url":"#","type":"custom","appearance":"outline","background_color":"rgba(255, 255, 255, 1)","color":"#ffffff","background_color_hover":"rgba(0, 108, 255, 1)","color_hover":"#ffffff","size":"xlg","shape":"round","block":"","icon":"","icon_position":"right","target":""}],"global_text_color":"","global_link_color":"","global_link_hover_color":"","global_use_background":"0","global_background_color":"","global_background_image":"","global_background_repeat":"no-repeat","global_background_size":"cover","global_background_attachment":"inherit","global_user_border":"0","global_border_width":"","global_border_color":"","global_boder_style":"none","global_border_radius":"","global_margin":"","global_padding":"15px 0px 15px 0px","global_use_animation":"0","global_animation":"","global_animationduration":"300","global_animationdelay":"0","hidden_md":"0","hidden_sm":"0","hidden_xs":"0","acl":null}}]}]}]