<?xml version="1.0" encoding="utf-8"?>
<extension version="3.0" type="plugin" group="system" method="upgrade">
	<name>System - Responsivizer Template Switcher</name>
	<author>Joomla! Extensions Store</author>
	<creationDate>November 2016</creationDate>
	<copyright>Copyright (C) 2015 - Joomla! Extensions Store. All Rights Reserved.</copyright>
	<license>http://www.gnu.org/licenses/gpl-2.0.html GNU/GPL</license>
	<authorEmail>info@storejextensions.org</authorEmail>
	<authorUrl>http://storejextensions.org</authorUrl>
	<version>2.4.3</version>
	<description>Responsivizer switcher template plugin</description>
	
	<files>
		<filename plugin="responsivizer">responsivizer.php</filename>
		<filename>index.html</filename>
		<folder>responsivizer</folder>
	</files>
 
	<params>
		
	</params>

</extension>
