<?xml version="1.0" encoding="utf-8"?>
<extension version="3.0" type="plugin" group="system" method="upgrade">
	<name>System - Maximenu CK Mobile</name>
	<author>Cédric KEIFLIN</author>
	<creationDate>Octobre 2012</creationDate>
	<copyright>Cédric KEIFLIN</copyright>
	<license>http://www.gnu.org/licenses/gpl.html</license>
	<authorEmail>ced1870@gmail.com</authorEmail>
	<authorUrl>http://www.joomlack.fr</authorUrl>
	<version>2.0.15</version>
	<description>PLG_MAXIMENUCK_MOBILE_DESC</description>
	<files>
		<filename plugin="maximenuckmobile">maximenuckmobile.php</filename>
		<filename>index.html</filename>
		<filename>MaximenuMobile_Detect.php</filename>
		<folder>assets</folder>
		<folder>elements</folder>
		<folder>language</folder>
		<folder>params</folder>
		<folder>presets</folder>
		<folder>themes</folder>
	</files>
	<languages folder="language">
		<language tag="en-GB">en-GB/en-GB.plg_system_maximenuckmobile.sys.ini</language>
		<language tag="en-GB">en-GB/en-GB.plg_system_maximenuckmobile.ini</language>
		<language tag="fr-FR">fr-FR/fr-FR.plg_system_maximenuckmobile.sys.ini</language>
		<language tag="fr-FR">fr-FR/fr-FR.plg_system_maximenuckmobile.ini</language>
	</languages>
	<config>
		<fields name="params">
			<fieldset name="basic" addfieldpath="/modules/mod_maximenuck/elements">
				<field
					name="ckupdatechecking"
					type="ckupdatechecking"
				/>
				<field
					name="ckcheckmoduleversion"
					type="ckcheckmoduleversion"
					version="8.0.20"
				/>
			</fieldset>
			<fieldset name="general" label="PLG_MAXIMENUCK_FIELDSET_GENERAL_LABEL">
				<field
					name="maximenumobile_detectiontype"
					type="cklist"
					default="resolution"
					label="PLG_MAXIMENUCK_DETECTIONTYPE_LABEL"
					description="PLG_MAXIMENUCK_DETECTIONTYPE_DESC"
					icon="application_form_magnify.png"
				>
					<option value="resolution">PLG_MAXIMENUCK_RESOLUTION</option>
					<option value="tablet">PLG_MAXIMENUCK_TABLET</option>
					<option value="phone">PLG_MAXIMENUCK_PHONE</option>
				</field>
				<field
					name="maximenumobile_resolution"
					type="cktext"
					label="PLG_MAXIMENUCK_MOBILERESOLUTION_LABEL"
					description="PLG_MAXIMENUCK_MOBILERESOLUTION_DESC"
					icon="width.png"
					suffix="px"
					default="640" 
				/>
				<field
					name="maximenumobile_themesinfo"
					type="ckspacer"
					label="PLG_MAXIMENUCK_THEMES_INFO"
					style="link"
					icon="information.png"
				/>
				<field
					name="maximenumobile_theme"
					type="ckfolderlist"
					directory="plugins/system/maximenuckmobile/themes"
					hide_none="true"
					hide_default="true"
					default="default"
					label="PLG_MAXIMENUCK_MOBILETHEME_LABEL"
					description="PLG_MAXIMENUCK_MOBILETHEME_DESC"
					icon="palette.png" 
				/>
			</fieldset>
			<fieldset name="styles" label="PLG_MAXIMENUCK_FIELDSET_STYLES_LABEL" addfieldpath="/plugins/system/maximenuckmobile/elements">
				<field
					name="maximenumobile_styles"
					type="ckmenumobilestyles"
					value="{|qq|menubarheight|qq|:|qq|35|qq|,|qq|menubarbgcolor1|qq|:|qq|#444444|qq|,|qq|menubarbgcolor2|qq|:|qq||qq|,|qq|menubarbgopacity|qq|:|qq||qq|,|qq|menubarbgimage|qq|:|qq||qq|,|qq|menubarbgpositionx|qq|:|qq||qq|,|qq|menubarbgpositiony|qq|:|qq||qq|,|qq|menubarmargintop|qq|:|qq||qq|,|qq|menubarmarginright|qq|:|qq||qq|,|qq|menubarmarginbottom|qq|:|qq||qq|,|qq|menubarmarginleft|qq|:|qq||qq|,|qq|menubarpaddingtop|qq|:|qq||qq|,|qq|menubarpaddingright|qq|:|qq||qq|,|qq|menubarpaddingbottom|qq|:|qq||qq|,|qq|menubarpaddingleft|qq|:|qq|20|qq|,|qq|menubarbordercolor|qq|:|qq||qq|,|qq|menubarbordertopwidth|qq|:|qq||qq|,|qq|menubarborderrightwidth|qq|:|qq||qq|,|qq|menubarborderbottomwidth|qq|:|qq||qq|,|qq|menubarborderleftwidth|qq|:|qq||qq|,|qq|menubarborderstyle|qq|:|qq|solid|qq|,|qq|menubarroundedcornerstl|qq|:|qq||qq|,|qq|menubarroundedcornerstr|qq|:|qq||qq|,|qq|menubarroundedcornersbr|qq|:|qq||qq|,|qq|menubarroundedcornersbl|qq|:|qq||qq|,|qq|menubarshadowcolor|qq|:|qq||qq|,|qq|menubarshadowblur|qq|:|qq||qq|,|qq|menubarshadowspread|qq|:|qq||qq|,|qq|menubarshadowoffsetx|qq|:|qq||qq|,|qq|menubarshadowoffsety|qq|:|qq||qq|,|qq|menubarfontsize|qq|:|qq|16|qq|,|qq|menubarfontcolor|qq|:|qq|#EEEEEE|qq|,|qq|menubarlineheight|qq|:|qq|35|qq|,|qq|menubartextindent|qq|:|qq||qq|,|qq|menubarfontfamily|qq|:|qq||qq|,|qq|menubarbuttoncontentcustomtext|qq|:|qq|Open|qq|,|qq|menubarbuttoncontent|qq|:|qq|none|qq|,|qq|menubarbuttonheight|qq|:|qq|24|qq|,|qq|menubarbuttonwidth|qq|:|qq|35|qq|,|qq|menubarbuttonbgcolor1|qq|:|qq||qq|,|qq|menubarbuttonbgcolor2|qq|:|qq||qq|,|qq|menubarbuttonbgopacity|qq|:|qq||qq|,|qq|menubarbuttonbgimage|qq|:|qq|/plugins/system/maximenuckmobile/presets/default/icon_launch.jpg|qq|,|qq|menubarbuttonbgpositionx|qq|:|qq|left|qq|,|qq|menubarbuttonbgpositiony|qq|:|qq|center|qq|,|qq|menubarbuttonbgimagerepeat|qq|:|qq|no-repeat|qq|,|qq|menubarbuttonmargintop|qq|:|qq|5|qq|,|qq|menubarbuttonmarginright|qq|:|qq|10|qq|,|qq|menubarbuttonmarginbottom|qq|:|qq|5|qq|,|qq|menubarbuttonmarginleft|qq|:|qq|5|qq|,|qq|menubarbuttonpaddingtop|qq|:|qq||qq|,|qq|menubarbuttonpaddingright|qq|:|qq||qq|,|qq|menubarbuttonpaddingbottom|qq|:|qq||qq|,|qq|menubarbuttonpaddingleft|qq|:|qq||qq|,|qq|menubarbuttonbordercolor|qq|:|qq||qq|,|qq|menubarbuttonbordertopwidth|qq|:|qq||qq|,|qq|menubarbuttonborderrightwidth|qq|:|qq||qq|,|qq|menubarbuttonborderbottomwidth|qq|:|qq||qq|,|qq|menubarbuttonborderleftwidth|qq|:|qq||qq|,|qq|menubarbuttonborderstyle|qq|:|qq|solid|qq|,|qq|menubarbuttonroundedcornerstl|qq|:|qq||qq|,|qq|menubarbuttonroundedcornerstr|qq|:|qq||qq|,|qq|menubarbuttonroundedcornersbr|qq|:|qq||qq|,|qq|menubarbuttonroundedcornersbl|qq|:|qq||qq|,|qq|menubarbuttonshadowcolor|qq|:|qq||qq|,|qq|menubarbuttonshadowblur|qq|:|qq||qq|,|qq|menubarbuttonshadowspread|qq|:|qq||qq|,|qq|menubarbuttonshadowoffsetx|qq|:|qq||qq|,|qq|menubarbuttonshadowoffsety|qq|:|qq||qq|,|qq|menubarbuttonfontsize|qq|:|qq|20|qq|,|qq|menubarbuttonfontcolor|qq|:|qq||qq|,|qq|menubarbuttonlineheight|qq|:|qq||qq|,|qq|topbarheight|qq|:|qq|40|qq|,|qq|topbarbgcolor1|qq|:|qq||qq|,|qq|topbarbgcolor2|qq|:|qq||qq|,|qq|topbarbgopacity|qq|:|qq||qq|,|qq|topbarbgimage|qq|:|qq|/plugins/system/maximenuckmobile/presets/default/fond_haut.jpg|qq|,|qq|topbarbgpositionx|qq|:|qq|left|qq|,|qq|topbarbgpositiony|qq|:|qq|top|qq|,|qq|topbarbgimagerepeat|qq|:|qq|repeat-x|qq|,|qq|topbarmargintop|qq|:|qq||qq|,|qq|topbarmarginright|qq|:|qq||qq|,|qq|topbarmarginbottom|qq|:|qq||qq|,|qq|topbarmarginleft|qq|:|qq||qq|,|qq|topbarpaddingtop|qq|:|qq|10|qq|,|qq|topbarpaddingright|qq|:|qq|10|qq|,|qq|topbarpaddingbottom|qq|:|qq|10|qq|,|qq|topbarpaddingleft|qq|:|qq|10|qq|,|qq|topbarbordercolor|qq|:|qq||qq|,|qq|topbarbordertopwidth|qq|:|qq||qq|,|qq|topbarborderrightwidth|qq|:|qq||qq|,|qq|topbarborderbottomwidth|qq|:|qq||qq|,|qq|topbarborderleftwidth|qq|:|qq||qq|,|qq|topbarborderstyle|qq|:|qq|solid|qq|,|qq|topbarroundedcornerstl|qq|:|qq||qq|,|qq|topbarroundedcornerstr|qq|:|qq||qq|,|qq|topbarroundedcornersbr|qq|:|qq||qq|,|qq|topbarroundedcornersbl|qq|:|qq||qq|,|qq|topbarshadowcolor|qq|:|qq||qq|,|qq|topbarshadowblur|qq|:|qq||qq|,|qq|topbarshadowspread|qq|:|qq||qq|,|qq|topbarshadowoffsetx|qq|:|qq||qq|,|qq|topbarshadowoffsety|qq|:|qq||qq|,|qq|topbarfontsize|qq|:|qq|20|qq|,|qq|topbarfontcolor|qq|:|qq||qq|,|qq|topbarlineheight|qq|:|qq|20|qq|,|qq|topbartextindent|qq|:|qq|20|qq|,|qq|topbarfontfamily|qq|:|qq||qq|,|qq|topbarbuttoncontentcustomtext|qq|:|qq||qq|,|qq|topbarbuttoncontent|qq|:|qq|none|qq|,|qq|topbarbuttonheight|qq|:|qq|31|qq|,|qq|topbarbuttonwidth|qq|:|qq|31|qq|,|qq|topbarbuttonbgcolor1|qq|:|qq||qq|,|qq|topbarbuttonbgcolor2|qq|:|qq||qq|,|qq|topbarbuttonbgopacity|qq|:|qq||qq|,|qq|topbarbuttonbgimage|qq|:|qq|/plugins/system/maximenuckmobile/presets/default/close.jpg|qq|,|qq|topbarbuttonbgpositionx|qq|:|qq|center|qq|,|qq|topbarbuttonbgpositiony|qq|:|qq|center|qq|,|qq|topbarbuttonmargintop|qq|:|qq|5|qq|,|qq|topbarbuttonmarginright|qq|:|qq|10|qq|,|qq|topbarbuttonmarginbottom|qq|:|qq|5|qq|,|qq|topbarbuttonmarginleft|qq|:|qq|10|qq|,|qq|topbarbuttonpaddingtop|qq|:|qq||qq|,|qq|topbarbuttonpaddingright|qq|:|qq||qq|,|qq|topbarbuttonpaddingbottom|qq|:|qq||qq|,|qq|topbarbuttonpaddingleft|qq|:|qq||qq|,|qq|topbarbuttonbordercolor|qq|:|qq||qq|,|qq|topbarbuttonbordertopwidth|qq|:|qq||qq|,|qq|topbarbuttonborderrightwidth|qq|:|qq||qq|,|qq|topbarbuttonborderbottomwidth|qq|:|qq||qq|,|qq|topbarbuttonborderleftwidth|qq|:|qq||qq|,|qq|topbarbuttonborderstyle|qq|:|qq|solid|qq|,|qq|topbarbuttonroundedcornerstl|qq|:|qq||qq|,|qq|topbarbuttonroundedcornerstr|qq|:|qq||qq|,|qq|topbarbuttonroundedcornersbr|qq|:|qq||qq|,|qq|topbarbuttonroundedcornersbl|qq|:|qq||qq|,|qq|topbarbuttonshadowcolor|qq|:|qq||qq|,|qq|topbarbuttonshadowblur|qq|:|qq||qq|,|qq|topbarbuttonshadowspread|qq|:|qq||qq|,|qq|topbarbuttonshadowoffsetx|qq|:|qq||qq|,|qq|topbarbuttonshadowoffsety|qq|:|qq||qq|,|qq|topbarbuttonfontsize|qq|:|qq||qq|,|qq|topbarbuttonfontcolor|qq|:|qq||qq|,|qq|topbarbuttonlineheight|qq|:|qq||qq|,|qq|topbarbuttontextindent|qq|:|qq||qq|,|qq|menubgcolor1|qq|:|qq|#32373B|qq|,|qq|menubgcolor2|qq|:|qq||qq|,|qq|menubgopacity|qq|:|qq||qq|,|qq|menubgimage|qq|:|qq||qq|,|qq|menubgpositionx|qq|:|qq||qq|,|qq|menubgpositiony|qq|:|qq||qq|,|qq|menumargintop|qq|:|qq||qq|,|qq|menumarginright|qq|:|qq||qq|,|qq|menumarginbottom|qq|:|qq||qq|,|qq|menumarginleft|qq|:|qq||qq|,|qq|menupaddingtop|qq|:|qq||qq|,|qq|menupaddingright|qq|:|qq||qq|,|qq|menupaddingbottom|qq|:|qq||qq|,|qq|menupaddingleft|qq|:|qq||qq|,|qq|menubordercolor|qq|:|qq||qq|,|qq|menubordertopwidth|qq|:|qq||qq|,|qq|menuborderrightwidth|qq|:|qq||qq|,|qq|menuborderbottomwidth|qq|:|qq||qq|,|qq|menuborderleftwidth|qq|:|qq||qq|,|qq|menuborderstyle|qq|:|qq|solid|qq|,|qq|menuroundedcornerstl|qq|:|qq||qq|,|qq|menuroundedcornerstr|qq|:|qq||qq|,|qq|menuroundedcornersbr|qq|:|qq||qq|,|qq|menuroundedcornersbl|qq|:|qq||qq|,|qq|menushadowcolor|qq|:|qq||qq|,|qq|menushadowblur|qq|:|qq||qq|,|qq|menushadowspread|qq|:|qq||qq|,|qq|menushadowoffsetx|qq|:|qq||qq|,|qq|menushadowoffsety|qq|:|qq||qq|,|qq|menufontsize|qq|:|qq|15|qq|,|qq|menufontcolor|qq|:|qq|#FFFFFF|qq|,|qq|menulineheight|qq|:|qq||qq|,|qq|menutextindent|qq|:|qq||qq|,|qq|menufontfamily|qq|:|qq|Arial|qq|,|qq|menufontweight|qq|:|qq|normal|qq|,|qq|level1menuitemheight|qq|:|qq|35|qq|,|qq|level1menuitembgcolor1|qq|:|qq||qq|,|qq|level1menuitembgcolor2|qq|:|qq||qq|,|qq|level1menuitembgopacity|qq|:|qq||qq|,|qq|level1menuitembgimage|qq|:|qq|/plugins/system/maximenuckmobile/presets/default/arrow.jpg|qq|,|qq|level1menuitembgpositionx|qq|:|qq|left |qq|,|qq|level1menuitembgpositiony|qq|:|qq|bottom|qq|,|qq|level1menuitembgimagerepeat|qq|:|qq|no-repeat|qq|,|qq|level1menuitemmargintop|qq|:|qq||qq|,|qq|level1menuitemmarginright|qq|:|qq||qq|,|qq|level1menuitemmarginbottom|qq|:|qq||qq|,|qq|level1menuitemmarginleft|qq|:|qq||qq|,|qq|level1menuitempaddingtop|qq|:|qq||qq|,|qq|level1menuitempaddingright|qq|:|qq||qq|,|qq|level1menuitempaddingbottom|qq|:|qq||qq|,|qq|level1menuitempaddingleft|qq|:|qq|45|qq|,|qq|level1menuitembordercolor|qq|:|qq||qq|,|qq|level1menuitembordertopwidth|qq|:|qq||qq|,|qq|level1menuitemborderrightwidth|qq|:|qq||qq|,|qq|level1menuitemborderbottomwidth|qq|:|qq||qq|,|qq|level1menuitemborderleftwidth|qq|:|qq||qq|,|qq|level1menuitemborderstyle|qq|:|qq|solid|qq|,|qq|level1menuitemroundedcornerstl|qq|:|qq||qq|,|qq|level1menuitemroundedcornerstr|qq|:|qq||qq|,|qq|level1menuitemroundedcornersbr|qq|:|qq||qq|,|qq|level1menuitemroundedcornersbl|qq|:|qq||qq|,|qq|level1menuitemshadowcolor|qq|:|qq||qq|,|qq|level1menuitemshadowblur|qq|:|qq||qq|,|qq|level1menuitemshadowspread|qq|:|qq||qq|,|qq|level1menuitemshadowoffsetx|qq|:|qq||qq|,|qq|level1menuitemshadowoffsety|qq|:|qq||qq|,|qq|level1menuitemfontsize|qq|:|qq||qq|,|qq|level1menuitemfontcolor|qq|:|qq|#FFFFFF|qq|,|qq|level1menuitemlineheight|qq|:|qq|35|qq|,|qq|level1menuitemtextindent|qq|:|qq||qq|,|qq|level1menuitemfontfamily|qq|:|qq||qq|,|qq|level2menuitemheight|qq|:|qq|35|qq|,|qq|level2menuitembgcolor1|qq|:|qq||qq|,|qq|level2menuitembgcolor2|qq|:|qq||qq|,|qq|level2menuitembgopacity|qq|:|qq||qq|,|qq|level2menuitembgimage|qq|:|qq|/plugins/system/maximenuckmobile/presets/default/arrow2.jpg|qq|,|qq|level2menuitembgpositionx|qq|:|qq|left|qq|,|qq|level2menuitembgpositiony|qq|:|qq|center|qq|,|qq|level2menuitembgimagerepeat|qq|:|qq|no-repeat|qq|,|qq|level2menuitemmargintop|qq|:|qq||qq|,|qq|level2menuitemmarginright|qq|:|qq||qq|,|qq|level2menuitemmarginbottom|qq|:|qq||qq|,|qq|level2menuitemmarginleft|qq|:|qq||qq|,|qq|level2menuitempaddingtop|qq|:|qq||qq|,|qq|level2menuitempaddingright|qq|:|qq||qq|,|qq|level2menuitempaddingbottom|qq|:|qq||qq|,|qq|level2menuitempaddingleft|qq|:|qq|55|qq|,|qq|level2menuitembordercolor|qq|:|qq||qq|,|qq|level2menuitembordertopwidth|qq|:|qq||qq|,|qq|level2menuitemborderrightwidth|qq|:|qq||qq|,|qq|level2menuitemborderbottomwidth|qq|:|qq||qq|,|qq|level2menuitemborderleftwidth|qq|:|qq||qq|,|qq|level2menuitemborderstyle|qq|:|qq|solid|qq|,|qq|level2menuitemroundedcornerstl|qq|:|qq||qq|,|qq|level2menuitemroundedcornerstr|qq|:|qq||qq|,|qq|level2menuitemroundedcornersbr|qq|:|qq||qq|,|qq|level2menuitemroundedcornersbl|qq|:|qq||qq|,|qq|level2menuitemshadowcolor|qq|:|qq||qq|,|qq|level2menuitemshadowblur|qq|:|qq||qq|,|qq|level2menuitemshadowspread|qq|:|qq||qq|,|qq|level2menuitemshadowoffsetx|qq|:|qq||qq|,|qq|level2menuitemshadowoffsety|qq|:|qq||qq|,|qq|level2menuitemfontsize|qq|:|qq||qq|,|qq|level2menuitemfontcolor|qq|:|qq||qq|,|qq|level2menuitemlineheight|qq|:|qq|35|qq|,|qq|level2menuitemtextindent|qq|:|qq||qq|,|qq|level2menuitemfontfamily|qq|:|qq||qq|,|qq|level3menuitemheight|qq|:|qq|35|qq|,|qq|level3menuitembgcolor1|qq|:|qq||qq|,|qq|level3menuitembgcolor2|qq|:|qq||qq|,|qq|level3menuitembgopacity|qq|:|qq||qq|,|qq|level3menuitembgimage|qq|:|qq|/plugins/system/maximenuckmobile/presets/default/arrow3.png|qq|,|qq|level3menuitembgpositionx|qq|:|qq|20px|qq|,|qq|level3menuitembgpositiony|qq|:|qq|center|qq|,|qq|level3menuitembgimagerepeat|qq|:|qq|no-repeat|qq|,|qq|level3menuitemmargintop|qq|:|qq||qq|,|qq|level3menuitemmarginright|qq|:|qq||qq|,|qq|level3menuitemmarginbottom|qq|:|qq||qq|,|qq|level3menuitemmarginleft|qq|:|qq||qq|,|qq|level3menuitempaddingtop|qq|:|qq||qq|,|qq|level3menuitempaddingright|qq|:|qq||qq|,|qq|level3menuitempaddingbottom|qq|:|qq||qq|,|qq|level3menuitempaddingleft|qq|:|qq|65|qq|,|qq|level3menuitembordercolor|qq|:|qq||qq|,|qq|level3menuitembordertopwidth|qq|:|qq||qq|,|qq|level3menuitemborderrightwidth|qq|:|qq||qq|,|qq|level3menuitemborderbottomwidth|qq|:|qq||qq|,|qq|level3menuitemborderleftwidth|qq|:|qq||qq|,|qq|level3menuitemborderstyle|qq|:|qq|solid|qq|,|qq|level3menuitemroundedcornerstl|qq|:|qq||qq|,|qq|level3menuitemroundedcornerstr|qq|:|qq||qq|,|qq|level3menuitemroundedcornersbr|qq|:|qq||qq|,|qq|level3menuitemroundedcornersbl|qq|:|qq||qq|,|qq|level3menuitemshadowcolor|qq|:|qq||qq|,|qq|level3menuitemshadowblur|qq|:|qq||qq|,|qq|level3menuitemshadowspread|qq|:|qq||qq|,|qq|level3menuitemshadowoffsetx|qq|:|qq||qq|,|qq|level3menuitemshadowoffsety|qq|:|qq||qq|,|qq|level3menuitemfontsize|qq|:|qq||qq|,|qq|level3menuitemfontcolor|qq|:|qq||qq|,|qq|level3menuitemlineheight|qq|:|qq|35|qq|,|qq|level3menuitemtextindent|qq|:|qq||qq|,|qq|level3menuitemfontfamily|qq|:|qq||qq|,|qq|togglericoncontentclosedcustomtext|qq|:|qq||qq|,|qq|togglericoncontentclosed|qq|:|qq||qq|,|qq|togglericoncontentopenedcustomtext|qq|:|qq||qq|,|qq|togglericoncontentopened|qq|:|qq||qq|,|qq|togglericonheight|qq|:|qq|35|qq|,|qq|togglericonwidth|qq|:|qq|35|qq|,|qq|togglericonbgcolor1|qq|:|qq||qq|,|qq|togglericonbgcolor2|qq|:|qq||qq|,|qq|togglericonbgopacity|qq|:|qq||qq|,|qq|togglericonbgimage|qq|:|qq|/plugins/system/maximenuckmobile/presets/default/plus.jpg|qq|,|qq|togglericonbgpositionx|qq|:|qq|center|qq|,|qq|togglericonbgpositiony|qq|:|qq|center|qq|,|qq|togglericonbgimagerepeat|qq|:|qq|no-repeat|qq|,|qq|togglericonmargintop|qq|:|qq||qq|,|qq|togglericonmarginright|qq|:|qq||qq|,|qq|togglericonmarginbottom|qq|:|qq||qq|,|qq|togglericonmarginleft|qq|:|qq||qq|,|qq|togglericonpaddingtop|qq|:|qq||qq|,|qq|togglericonpaddingright|qq|:|qq||qq|,|qq|togglericonpaddingbottom|qq|:|qq||qq|,|qq|togglericonpaddingleft|qq|:|qq||qq|,|qq|togglericonbordercolor|qq|:|qq||qq|,|qq|togglericonbordertopwidth|qq|:|qq||qq|,|qq|togglericonborderrightwidth|qq|:|qq||qq|,|qq|togglericonborderbottomwidth|qq|:|qq||qq|,|qq|togglericonborderleftwidth|qq|:|qq||qq|,|qq|togglericonborderstyle|qq|:null,|qq|togglericonroundedcornerstl|qq|:|qq||qq|,|qq|togglericonroundedcornerstr|qq|:|qq||qq|,|qq|togglericonroundedcornersbr|qq|:|qq||qq|,|qq|togglericonroundedcornersbl|qq|:|qq||qq|,|qq|togglericonshadowcolor|qq|:|qq||qq|,|qq|togglericonshadowblur|qq|:|qq||qq|,|qq|togglericonshadowspread|qq|:|qq||qq|,|qq|togglericonshadowoffsetx|qq|:|qq||qq|,|qq|togglericonshadowoffsety|qq|:|qq||qq|,|qq|togglericonfontsize|qq|:|qq||qq|,|qq|togglericonfontcolor|qq|:|qq||qq|,|qq|togglericonlineheight|qq|:|qq||qq|,|qq|togglericonfontfamily|qq|:|qq||qq|}"
				/>
				<field
					name="maximenumobile_customcss"
					type="hidden"
				/>
				<field
					name="maximenumobile_menubarbuttoncontent"
					type="hidden"
					filter="raw"
				/>
				<field
					name="maximenumobile_topbarbuttoncontent"
					type="hidden"
					filter="raw"
				/>
				<field
					name="maximenumobile_googlefonts"
					type="hidden"
					filter="raw"
				/>
			</fieldset>
			<fieldset name="advanced" label="PLG_MAXIMENUCK_FIELDSET_ADVANCED_LABEL">
				<field
					name="legacy"
					type="ckradio"
					default="0"
					label="PLG_MAXIMENUCK_LEGACY_LABEL"
					description="PLG_MAXIMENUCK_LEGACY_DESC"
					icon="database_copy.png"
					class="btn-group"
				>
					<option value="0">JNO</option>
					<option value="1">JYES</option>
				</field>
			</fieldset>
		</fields>
	</config>
</extension>
