<?xml version="1.0" encoding="utf-8"?>
<extension type="module" version="3.0" method="upgrade" client="site">
	<name>Responsivizer slideshow</name>
	<author>Joomla! Extensions Store</author>
	<creationDate>November 2016</creationDate>
	<copyright>Copyright (C) 2015 - Joomla! Extensions Store. All Rights Reserved.</copyright>
	<license>http://www.gnu.org/licenses/gpl-2.0.html GNU/GPL</license>
	<authorEmail>info@storejextensions.org</authorEmail>
	<authorUrl>http://storejextensions.org</authorUrl>
	<version>2.4.3</version>
	<description>Responsivizer slideshow</description>
	
	<files>
		<filename>mod_responsivizerslideshow.xml</filename>
		<filename module="mod_responsivizerslideshow">mod_responsivizerslideshow.php</filename>
		<filename>helper.php</filename>
		<filename>index.html</filename>
		<folder>tmpl</folder>
		<folder>assets</folder>
	</files>
	
	<config>
		<fields name="params">
			<fieldset name="basic">
				<field name="pathfolder" type="folderlist" directory="images" hide_none="1" label="Images folder" description="Custom folder to show images" />
				<field name="recursive" type="radio" class="btn-group" default="0" label="Include subfolders" description="Choose to include images located in all subfolders">
					<option value="0">JNO</option>
					<option value="1">JYES</option>
				</field>
	 		</fieldset>
			<fieldset
				name="advanced">
				<field
					name="layout"
					type="modulelayout"
					label="JFIELD_ALT_LAYOUT_LABEL"
					description="JFIELD_ALT_MODULE_LAYOUT_DESC" />
				<field
					name="moduleclass_sfx"
					type="textarea" rows="3"
					label="COM_MODULES_FIELD_MODULECLASS_SFX_LABEL"
					description="COM_MODULES_FIELD_MODULECLASS_SFX_DESC" />
				<field
					name="cache"
					type="list"
					default="1"
					label="COM_MODULES_FIELD_CACHING_LABEL"
					description="COM_MODULES_FIELD_CACHING_DESC">
					<option
						value="1">JGLOBAL_USE_GLOBAL</option>
					<option
						value="0">COM_MODULES_FIELD_VALUE_NOCACHING</option>
				</field>
				<field
					name="cache_time"
					type="text"
					default="900"
					label="COM_MODULES_FIELD_CACHE_TIME_LABEL"
					description="COM_MODULES_FIELD_CACHE_TIME_DESC" />
				<field
					name="cachemode"
					type="hidden"
					default="itemid">
					<option
						value="itemid"></option>
				</field>
			</fieldset>
		</fields>
	</config>
</extension>